주문번호,활동명,시작시각,담당자,부서,금액
PO-2024-0001,구매요청,2024-02-27 17:47:00,구매담당,IT팀,108000.0
PO-2024-0001,견적요청,2024-02-27 19:10:08,구매담당,IT팀,108000.0
PO-2024-0001,견적검토,2024-02-27 20:22:39,구매담당,IT팀,108000.0
PO-2024-0001,승인,2024-02-28 03:29:46,구매팀장,IT팀,108000.0
PO-2024-0001,발주,2024-02-29 06:52:28,ERP시스템,IT팀,108000.0
PO-2024-0001,입고검수,2024-02-29 08:08:46,품질담당,IT팀,108000.0
PO-2024-0001,대금지급,2024-03-02 19:11:15,재무담당,IT팀,108000.0
PO-2024-0002,구매요청,2024-03-22 23:21:00,구매담당,생산팀,176000.0
PO-2024-0002,견적요청,2024-03-22 23:59:20,구매담당,생산팀,176000.0
PO-2024-0002,견적검토,2024-03-23 03:30:07,구매팀장,생산팀,176000.0
PO-2024-0002,승인,2024-03-23 18:47:02,구매팀장,생산팀,176000.0
PO-2024-0002,발주,2024-03-25 06:04:52,구매담당,생산팀,176000.0
PO-2024-0002,입고검수,2024-03-25 09:59:14,품질담당,생산팀,176000.0
PO-2024-0002,대금지급,2024-03-25 19:20:44,ERP시스템,생산팀,176000.0
PO-2024-0003,구매요청,2024-07-05 02:12:00,구매담당,생산팀,63000.0
PO-2024-0003,견적요청,2024-07-05 03:58:58,구매담당,생산팀,63000.0
PO-2024-0003,견적검토,2024-07-05 07:38:37,구매팀장,생산팀,63000.0
PO-2024-0003,반려,2024-07-05 23:37:44,재무팀장,생산팀,63000.0
PO-2024-0003,재요청,2024-07-06 01:07:00,구매담당,생산팀,63000.0
PO-2024-0003,견적검토,2024-07-06 06:02:59,구매팀장,생산팀,63000.0
PO-2024-0003,승인,2024-07-06 23:29:24,구매팀장,생산팀,63000.0
PO-2024-0003,발주,2024-07-08 05:07:09,구매담당,생산팀,63000.0
PO-2024-0003,입고검수,2024-07-08 07:29:19,창고담당,생산팀,63000.0
PO-2024-0003,대금지급,2024-07-08 22:36:00,ERP시스템,생산팀,63000.0
PO-2024-0004,구매요청,2024-10-12 20:43:00,구매담당,영업팀,10746000.0
PO-2024-0004,견적요청,2024-10-12 22:25:27,구매담당,영업팀,10746000.0
PO-2024-0004,견적검토,2024-10-13 01:17:54,구매담당,영업팀,10746000.0
PO-2024-0004,승인,2024-10-13 23:23:14,재무팀장,영업팀,10746000.0
PO-2024-0004,발주,2024-10-14 10:22:51,ERP시스템,영업팀,10746000.0
PO-2024-0004,입고검수,2024-10-14 12:15:56,품질담당,영업팀,10746000.0
PO-2024-0004,대금지급,2024-10-15 01:58:51,재무담당,영업팀,10746000.0
PO-2024-0005,구매요청,2024-10-15 01:16:00,현업담당자,연구소,1071000.0
PO-2024-0005,견적요청,2024-10-15 02:05:44,구매담당,연구소,1071000.0
PO-2024-0005,견적검토,2024-10-15 06:39:44,구매담당,연구소,1071000.0
PO-2024-0005,반려,2024-10-16 01:17:22,구매팀장,연구소,1071000.0
PO-2024-0005,재요청,2024-10-16 02:44:53,구매담당,연구소,1071000.0
PO-2024-0005,견적검토,2024-10-16 15:50:13,구매팀장,연구소,1071000.0
PO-2024-0005,승인,2024-10-17 06:57:29,재무팀장,연구소,1071000.0
PO-2024-0005,발주,2024-10-18 01:53:39,ERP시스템,연구소,1071000.0
PO-2024-0005,입고검수,2024-10-18 04:14:46,창고담당,연구소,1071000.0
PO-2024-0005,대금지급,2024-10-20 06:30:19,재무담당,연구소,1071000.0
PO-2024-0006,구매요청,2024-10-01 21:49:00,현업담당자,영업팀,50000.0
PO-2024-0006,견적요청,2024-10-01 22:19:17,구매담당,영업팀,50000.0
PO-2024-0006,견적검토,2024-10-02 06:07:29,구매담당,영업팀,50000.0
PO-2024-0006,반려,2024-10-02 19:17:37,구매팀장,영업팀,50000.0
PO-2024-0006,재요청,2024-10-02 22:54:19,구매담당,영업팀,50000.0
PO-2024-0006,견적검토,2024-10-03 12:41:19,구매담당,영업팀,50000.0
PO-2024-0006,승인,2024-10-03 18:03:04,구매팀장,영업팀,50000.0
PO-2024-0006,발주,2024-10-04 20:24:07,구매담당,영업팀,50000.0
PO-2024-0006,입고검수,2024-10-04 22:59:53,품질담당,영업팀,50000.0
PO-2024-0006,대금지급,2024-10-05 04:19:21,ERP시스템,영업팀,50000.0
PO-2024-0007,구매요청,2024-06-06 20:03:00,현업담당자,IT팀,2194000.0
PO-2024-0007,견적요청,2024-06-06 21:46:26,구매담당,IT팀,2194000.0
PO-2024-0007,견적검토,2024-06-06 23:40:21,구매팀장,IT팀,2194000.0
PO-2024-0007,승인,2024-06-07 22:30:12,구매팀장,IT팀,2194000.0
PO-2024-0007,발주,2024-06-08 11:57:39,ERP시스템,IT팀,2194000.0
PO-2024-0007,입고검수,2024-06-08 15:50:10,창고담당,IT팀,2194000.0
PO-2024-0007,대금지급,2024-06-10 20:19:00,ERP시스템,IT팀,2194000.0
PO-2024-0008,구매요청,2024-07-11 00:57:00,현업담당자,IT팀,49000.0
PO-2024-0008,견적요청,2024-07-11 01:28:53,구매담당,IT팀,49000.0
PO-2024-0008,견적검토,2024-07-11 06:36:02,구매담당,IT팀,49000.0
PO-2024-0008,승인,2024-07-11 10:09:44,구매팀장,IT팀,49000.0
PO-2024-0008,발주,2024-07-11 21:55:21,구매담당,IT팀,49000.0
PO-2024-0008,입고검수,2024-07-12 01:25:53,창고담당,IT팀,49000.0
PO-2024-0008,대금지급,2024-07-13 16:23:38,ERP시스템,IT팀,49000.0
PO-2024-0009,구매요청,2024-04-20 01:08:00,현업담당자,영업팀,1805000.0
PO-2024-0009,견적요청,2024-04-20 02:50:40,구매담당,영업팀,1805000.0
PO-2024-0009,견적검토,2024-04-20 04:30:17,구매팀장,영업팀,1805000.0
PO-2024-0009,반려,2024-04-20 14:17:57,재무팀장,영업팀,1805000.0
PO-2024-0009,재요청,2024-04-20 16:42:01,구매담당,영업팀,1805000.0
PO-2024-0009,견적검토,2024-04-21 04:07:39,구매담당,영업팀,1805000.0
PO-2024-0009,승인,2024-04-21 07:27:39,재무팀장,영업팀,1805000.0
PO-2024-0009,발주,2024-04-22 22:05:20,구매담당,영업팀,1805000.0
PO-2024-0009,입고검수,2024-04-22 23:27:33,창고담당,영업팀,1805000.0
PO-2024-0009,대금지급,2024-04-24 15:55:35,재무담당,영업팀,1805000.0
PO-2024-0010,구매요청,2024-05-23 00:15:00,구매담당,총무팀,56000.0
PO-2024-0010,승인,2024-05-23 00:49:33,구매팀장,총무팀,56000.0
PO-2024-0010,발주,2024-05-24 23:22:07,구매담당,총무팀,56000.0
PO-2024-0010,입고검수,2024-05-25 00:27:02,품질담당,총무팀,56000.0
PO-2024-0010,대금지급,2024-05-26 13:10:59,ERP시스템,총무팀,56000.0
PO-2024-0011,구매요청,2024-03-25 23:00:00,현업담당자,연구소,435000.0
PO-2024-0011,견적요청,2024-03-26 00:08:04,구매담당,연구소,435000.0
PO-2024-0012,구매요청,2024-05-31 20:03:00,구매담당,생산팀,1264000.0
PO-2024-0012,견적요청,2024-05-31 20:37:30,구매담당,생산팀,1264000.0
PO-2024-0012,견적검토,2024-06-01 01:08:42,구매담당,생산팀,1264000.0
PO-2024-0012,승인,2024-06-01 04:23:47,구매팀장,생산팀,1264000.0
PO-2024-0012,발주,2024-06-02 21:24:34,구매담당,생산팀,1264000.0
PO-2024-0012,입고검수,2024-06-02 23:59:32,창고담당,생산팀,1264000.0
PO-2024-0012,대금지급,2024-06-04 07:26:56,재무담당,생산팀,1264000.0
PO-2024-0013,구매요청,2024-01-22 02:05:00,현업담당자,생산팀,1793000.0
PO-2024-0013,견적요청,2024-01-22 02:53:22,구매담당,생산팀,1793000.0
PO-2024-0013,견적검토,2024-01-22 05:33:37,구매팀장,생산팀,1793000.0
PO-2024-0013,승인,2024-01-22 10:26:23,재무팀장,생산팀,1793000.0
PO-2024-0013,발주,2024-01-23 08:55:45,구매담당,생산팀,1793000.0
PO-2024-0013,입고검수,2024-01-23 09:27:43,창고담당,생산팀,1793000.0
PO-2024-0013,대금지급,2024-01-23 18:26:37,재무담당,생산팀,1793000.0
PO-2024-0014,구매요청,2024-03-08 22:56:00,현업담당자,영업팀,127000.0
PO-2024-0014,견적요청,2024-03-09 00:41:02,구매담당,영업팀,127000.0
PO-2024-0014,견적검토,2024-03-09 05:57:56,구매담당,영업팀,127000.0
PO-2024-0014,승인,2024-03-09 22:39:31,재무팀장,영업팀,127000.0
PO-2024-0014,발주,2024-03-11 19:27:04,구매담당,영업팀,127000.0
PO-2024-0014,입고검수,2024-03-11 23:14:14,창고담당,영업팀,127000.0
PO-2024-0014,대금지급,2024-03-12 21:13:16,재무담당,영업팀,127000.0
PO-2024-0015,구매요청,2024-03-20 21:18:00,현업담당자,생산팀,3120000.0
PO-2024-0015,견적요청,2024-03-20 22:10:36,구매담당,생산팀,3120000.0
PO-2024-0015,견적검토,2024-03-20 23:49:21,구매팀장,생산팀,3120000.0
PO-2024-0015,반려,2024-03-21 20:04:06,구매팀장,생산팀,3120000.0
PO-2024-0015,재요청,2024-03-21 21:04:44,구매담당,생산팀,3120000.0
PO-2024-0015,견적검토,2024-03-22 07:59:55,구매팀장,생산팀,3120000.0
PO-2024-0015,승인,2024-03-22 13:33:12,재무팀장,생산팀,3120000.0
PO-2024-0015,발주,2024-03-23 16:28:56,ERP시스템,생산팀,3120000.0
PO-2024-0015,입고검수,2024-03-23 18:56:44,창고담당,생산팀,3120000.0
PO-2024-0015,대금지급,2024-03-24 04:03:43,재무담당,생산팀,3120000.0
PO-2024-0016,구매요청,2024-07-09 02:35:00,구매담당,생산팀,100000.0
PO-2024-0016,견적요청,2024-07-09 04:25:54,구매담당,생산팀,100000.0
PO-2024-0016,견적검토,2024-07-09 10:12:22,구매담당,생산팀,100000.0
PO-2024-0016,승인,2024-07-09 19:59:13,재무팀장,생산팀,100000.0
PO-2024-0016,발주,2024-07-11 18:45:26,구매담당,생산팀,100000.0
PO-2024-0016,입고검수,2024-07-11 22:29:51,창고담당,생산팀,100000.0
PO-2024-0016,대금지급,2024-07-14 13:17:26,재무담당,생산팀,100000.0
PO-2024-0017,구매요청,2024-01-13 19:47:00,현업담당자,영업팀,11613000.0
PO-2024-0017,승인,2024-01-13 20:31:19,구매팀장,영업팀,11613000.0
PO-2024-0017,발주,2024-01-14 15:30:05,구매담당,영업팀,11613000.0
PO-2024-0017,입고검수,2024-01-14 19:00:24,창고담당,영업팀,11613000.0
PO-2024-0017,대금지급,2024-01-15 12:34:39,ERP시스템,영업팀,11613000.0
PO-2024-0018,구매요청,2024-04-26 20:01:00,현업담당자,IT팀,772000.0
PO-2024-0018,견적요청,2024-04-26 21:02:36,구매담당,IT팀,772000.0
PO-2024-0018,견적검토,2024-04-27 02:48:00,구매팀장,IT팀,772000.0
PO-2024-0018,반려,2024-04-28 01:27:47,구매팀장,IT팀,772000.0
PO-2024-0018,재요청,2024-04-28 05:05:39,구매담당,IT팀,772000.0
PO-2024-0018,견적검토,2024-04-28 09:35:39,구매팀장,IT팀,772000.0
PO-2024-0018,승인,2024-04-28 12:26:09,재무팀장,IT팀,772000.0
PO-2024-0018,발주,2024-04-29 05:40:59,ERP시스템,IT팀,772000.0
PO-2024-0018,입고검수,2024-04-29 07:42:38,창고담당,IT팀,772000.0
PO-2024-0018,대금지급,2024-04-30 13:54:14,재무담당,IT팀,772000.0
PO-2024-0019,구매요청,2024-08-11 17:33:00,현업담당자,영업팀,1921000.0
PO-2024-0019,승인,2024-08-11 18:41:49,재무팀장,영업팀,1921000.0
PO-2024-0019,발주,2024-08-13 00:59:06,구매담당,영업팀,1921000.0
PO-2024-0019,입고검수,2024-08-13 04:00:15,품질담당,영업팀,1921000.0
PO-2024-0019,대금지급,2024-08-14 18:29:19,ERP시스템,영업팀,1921000.0
PO-2024-0020,구매요청,2024-06-01 01:08:00,현업담당자,영업팀,4375000.0
PO-2024-0020,견적요청,2024-06-01 02:14:32,구매담당,영업팀,4375000.0
PO-2024-0020,견적검토,2024-06-01 05:22:10,구매담당,영업팀,4375000.0
PO-2024-0020,승인,2024-06-01 16:49:37,재무팀장,영업팀,4375000.0
PO-2024-0020,발주,2024-06-02 15:40:53,ERP시스템,영업팀,4375000.0
PO-2024-0020,입고검수,2024-06-02 18:32:46,품질담당,영업팀,4375000.0
PO-2024-0020,대금지급,2024-06-05 04:31:12,재무담당,영업팀,4375000.0
PO-2024-0021,구매요청,2024-05-26 01:42:00,현업담당자,영업팀,260000.0
PO-2024-0021,견적요청,2024-05-26 02:32:13,구매담당,영업팀,260000.0
PO-2024-0021,견적검토,2024-05-26 04:34:06,구매담당,영업팀,260000.0
PO-2024-0021,반려,2024-05-26 11:57:17,재무팀장,영업팀,260000.0
PO-2024-0021,재요청,2024-05-26 14:47:19,구매담당,영업팀,260000.0
PO-2024-0021,견적검토,2024-05-26 23:09:52,구매담당,영업팀,260000.0
PO-2024-0021,승인,2024-05-27 16:58:05,재무팀장,영업팀,260000.0
PO-2024-0021,발주,2024-05-28 17:12:14,구매담당,영업팀,260000.0
PO-2024-0021,입고검수,2024-05-28 18:13:13,창고담당,영업팀,260000.0
PO-2024-0021,대금지급,2024-05-31 10:55:16,재무담당,영업팀,260000.0
PO-2024-0022,구매요청,2024-04-22 19:51:00,구매담당,총무팀,1688000.0
PO-2024-0022,견적요청,2024-04-22 21:43:34,구매담당,총무팀,1688000.0
PO-2024-0023,구매요청,2024-08-26 01:35:00,현업담당자,총무팀,11392000.0
PO-2024-0023,견적요청,2024-08-26 03:19:45,구매담당,총무팀,11392000.0
PO-2024-0023,견적검토,2024-08-26 10:36:34,구매팀장,총무팀,11392000.0
PO-2024-0023,승인,2024-08-26 22:30:40,구매팀장,총무팀,11392000.0
PO-2024-0023,발주,2024-08-28 14:59:05,ERP시스템,총무팀,11392000.0
PO-2024-0023,입고검수,2024-08-28 18:09:54,품질담당,총무팀,11392000.0
PO-2024-0023,대금지급,2024-08-30 16:47:02,ERP시스템,총무팀,11392000.0
PO-2024-0024,구매요청,2024-05-26 20:17:00,구매담당,영업팀,1285000.0
PO-2024-0024,견적요청,2024-05-26 21:21:28,구매담당,영업팀,1285000.0
PO-2024-0024,견적검토,2024-05-27 03:18:10,구매담당,영업팀,1285000.0
PO-2024-0024,승인,2024-05-27 14:25:47,재무팀장,영업팀,1285000.0
PO-2024-0024,발주,2024-05-28 16:55:57,ERP시스템,영업팀,1285000.0
PO-2024-0024,입고검수,2024-05-28 17:39:02,품질담당,영업팀,1285000.0
PO-2024-0024,대금지급,2024-05-30 00:08:05,재무담당,영업팀,1285000.0
PO-2024-0025,구매요청,2024-10-21 23:30:00,현업담당자,연구소,303000.0
PO-2024-0025,견적요청,2024-10-22 00:48:26,구매담당,연구소,303000.0
PO-2024-0025,견적검토,2024-10-22 05:13:29,구매팀장,연구소,303000.0
PO-2024-0025,승인,2024-10-22 16:48:47,구매팀장,연구소,303000.0
PO-2024-0025,발주,2024-10-23 12:05:22,ERP시스템,연구소,303000.0
PO-2024-0025,입고검수,2024-10-23 15:07:27,품질담당,연구소,303000.0
PO-2024-0025,대금지급,2024-10-26 09:39:11,재무담당,연구소,303000.0
PO-2024-0026,구매요청,2024-10-15 17:05:00,구매담당,영업팀,169000.0
PO-2024-0026,견적요청,2024-10-15 17:58:24,구매담당,영업팀,169000.0
PO-2024-0026,견적검토,2024-10-15 20:27:18,구매팀장,영업팀,169000.0
PO-2024-0026,반려,2024-10-16 05:52:48,재무팀장,영업팀,169000.0
PO-2024-0026,재요청,2024-10-16 07:42:53,구매담당,영업팀,169000.0
PO-2024-0026,견적검토,2024-10-16 13:14:48,구매담당,영업팀,169000.0
PO-2024-0026,승인,2024-10-17 01:35:36,구매팀장,영업팀,169000.0
PO-2024-0026,발주,2024-10-19 01:35:21,ERP시스템,영업팀,169000.0
PO-2024-0026,입고검수,2024-10-19 02:52:26,창고담당,영업팀,169000.0
PO-2024-0026,대금지급,2024-10-21 11:59:52,재무담당,영업팀,169000.0
PO-2024-0027,구매요청,2024-05-06 20:53:00,구매담당,연구소,116000.0
PO-2024-0027,견적요청,2024-05-06 22:13:45,구매담당,연구소,116000.0
PO-2024-0027,견적검토,2024-05-07 02:29:04,구매팀장,연구소,116000.0
PO-2024-0027,승인,2024-05-07 21:21:22,구매팀장,연구소,116000.0
PO-2024-0027,발주,2024-05-09 02:49:59,구매담당,연구소,116000.0
PO-2024-0027,입고검수,2024-05-09 06:03:19,창고담당,연구소,116000.0
PO-2024-0027,대금지급,2024-05-12 03:39:23,재무담당,연구소,116000.0
PO-2024-0028,구매요청,2024-06-09 02:43:00,구매담당,영업팀,808000.0
PO-2024-0028,승인,2024-06-09 04:06:17,구매팀장,영업팀,808000.0
PO-2024-0028,발주,2024-06-09 09:53:39,ERP시스템,영업팀,808000.0
PO-2024-0028,입고검수,2024-06-09 13:22:12,창고담당,영업팀,808000.0
PO-2024-0028,대금지급,2024-06-11 23:30:49,재무담당,영업팀,808000.0
PO-2024-0029,구매요청,2024-08-07 22:04:00,현업담당자,연구소,243000.0
PO-2024-0029,견적요청,2024-08-07 22:43:29,구매담당,연구소,243000.0
PO-2024-0029,견적검토,2024-08-08 04:10:26,구매팀장,연구소,243000.0
PO-2024-0029,승인,2024-08-08 21:44:05,재무팀장,연구소,243000.0
PO-2024-0029,발주,2024-08-09 07:00:47,ERP시스템,연구소,243000.0
PO-2024-0029,입고검수,2024-08-09 09:40:08,품질담당,연구소,243000.0
PO-2024-0029,대금지급,2024-08-10 21:16:49,ERP시스템,연구소,243000.0
PO-2024-0030,구매요청,2024-05-05 18:17:00,현업담당자,총무팀,159000.0
PO-2024-0030,승인,2024-05-05 19:17:16,재무팀장,총무팀,159000.0
PO-2024-0030,발주,2024-05-07 12:16:57,구매담당,총무팀,159000.0
PO-2024-0030,입고검수,2024-05-07 14:29:20,품질담당,총무팀,159000.0
PO-2024-0030,대금지급,2024-05-10 00:44:30,ERP시스템,총무팀,159000.0
PO-2024-0031,구매요청,2024-05-22 01:00:00,현업담당자,연구소,103000.0
PO-2024-0031,견적요청,2024-05-22 02:19:57,구매담당,연구소,103000.0
PO-2024-0031,견적검토,2024-05-22 08:10:01,구매팀장,연구소,103000.0
PO-2024-0031,승인,2024-05-22 20:01:36,구매팀장,연구소,103000.0
PO-2024-0031,발주,2024-05-23 01:24:01,구매담당,연구소,103000.0
PO-2024-0031,입고검수,2024-05-23 03:18:56,창고담당,연구소,103000.0
PO-2024-0031,대금지급,2024-05-24 04:08:16,ERP시스템,연구소,103000.0
PO-2024-0032,구매요청,2024-09-28 22:27:00,현업담당자,연구소,1547000.0
PO-2024-0032,견적요청,2024-09-28 23:24:35,구매담당,연구소,1547000.0
PO-2024-0033,구매요청,2024-04-08 22:07:00,구매담당,영업팀,10265000.0
PO-2024-0033,견적요청,2024-04-08 23:43:28,구매담당,영업팀,10265000.0
PO-2024-0033,견적검토,2024-04-09 05:47:48,구매팀장,영업팀,10265000.0
PO-2024-0033,반려,2024-04-10 05:22:04,구매팀장,영업팀,10265000.0
PO-2024-0033,재요청,2024-04-10 07:15:23,구매담당,영업팀,10265000.0
PO-2024-0033,견적검토,2024-04-10 11:46:07,구매담당,영업팀,10265000.0
PO-2024-0033,승인,2024-04-11 05:20:42,구매팀장,영업팀,10265000.0
PO-2024-0033,발주,2024-04-11 19:14:16,구매담당,영업팀,10265000.0
PO-2024-0033,입고검수,2024-04-11 21:40:28,창고담당,영업팀,10265000.0
PO-2024-0033,대금지급,2024-04-13 21:02:59,ERP시스템,영업팀,10265000.0
PO-2024-0034,구매요청,2024-01-08 02:18:00,현업담당자,IT팀,779000.0
PO-2024-0034,견적요청,2024-01-08 04:12:41,구매담당,IT팀,779000.0
PO-2024-0034,견적검토,2024-01-08 06:00:36,구매담당,IT팀,779000.0
PO-2024-0034,승인,2024-01-08 16:49:32,구매팀장,IT팀,779000.0
PO-2024-0034,발주,2024-01-09 20:56:44,구매담당,IT팀,779000.0
PO-2024-0034,입고검수,2024-01-09 21:58:36,품질담당,IT팀,779000.0
PO-2024-0034,대금지급,2024-01-10 07:46:08,재무담당,IT팀,779000.0
PO-2024-0035,구매요청,2024-08-02 02:38:00,현업담당자,연구소,161000.0
PO-2024-0035,견적요청,2024-08-02 04:29:45,구매담당,연구소,161000.0
PO-2024-0035,견적검토,2024-08-02 11:31:02,구매팀장,연구소,161000.0
PO-2024-0035,반려,2024-08-02 20:14:08,구매팀장,연구소,161000.0
PO-2024-0035,재요청,2024-08-02 23:03:52,구매담당,연구소,161000.0
PO-2024-0035,견적검토,2024-08-03 14:19:50,구매담당,연구소,161000.0
PO-2024-0035,승인,2024-08-04 06:05:31,재무팀장,연구소,161000.0
PO-2024-0035,발주,2024-08-05 14:07:56,구매담당,연구소,161000.0
PO-2024-0035,입고검수,2024-08-05 15:28:18,창고담당,연구소,161000.0
PO-2024-0035,대금지급,2024-08-06 06:06:57,ERP시스템,연구소,161000.0
PO-2024-0036,구매요청,2024-08-28 21:02:00,구매담당,연구소,2994000.0
PO-2024-0036,견적요청,2024-08-28 22:33:51,구매담당,연구소,2994000.0
PO-2024-0036,견적검토,2024-08-29 05:04:45,구매담당,연구소,2994000.0
PO-2024-0036,승인,2024-08-29 16:25:56,구매팀장,연구소,2994000.0
PO-2024-0036,발주,2024-08-30 23:52:15,ERP시스템,연구소,2994000.0
PO-2024-0036,입고검수,2024-08-31 03:15:51,창고담당,연구소,2994000.0
PO-2024-0036,대금지급,2024-08-31 11:19:10,ERP시스템,연구소,2994000.0
PO-2024-0037,구매요청,2024-10-18 21:28:00,현업담당자,연구소,3039000.0
PO-2024-0037,견적요청,2024-10-18 22:43:02,구매담당,연구소,3039000.0
PO-2024-0037,견적검토,2024-10-19 02:46:54,구매담당,연구소,3039000.0
PO-2024-0037,승인,2024-10-20 00:20:56,재무팀장,연구소,3039000.0
PO-2024-0037,발주,2024-10-21 05:43:24,구매담당,연구소,3039000.0
PO-2024-0037,입고검수,2024-10-21 06:32:35,창고담당,연구소,3039000.0
PO-2024-0037,대금지급,2024-10-24 06:30:50,ERP시스템,연구소,3039000.0
PO-2024-0038,구매요청,2024-03-31 00:33:00,현업담당자,총무팀,278000.0
PO-2024-0038,견적요청,2024-03-31 02:00:07,구매담당,총무팀,278000.0
PO-2024-0038,견적검토,2024-03-31 09:47:08,구매팀장,총무팀,278000.0
PO-2024-0038,반려,2024-03-31 19:26:26,재무팀장,총무팀,278000.0
PO-2024-0038,재요청,2024-03-31 21:24:13,구매담당,총무팀,278000.0
PO-2024-0038,견적검토,2024-04-01 11:24:43,구매팀장,총무팀,278000.0
PO-2024-0038,승인,2024-04-01 22:28:06,재무팀장,총무팀,278000.0
PO-2024-0038,발주,2024-04-02 13:00:52,ERP시스템,총무팀,278000.0
PO-2024-0038,입고검수,2024-04-02 16:21:43,창고담당,총무팀,278000.0
PO-2024-0038,대금지급,2024-04-04 03:17:24,ERP시스템,총무팀,278000.0
PO-2024-0039,구매요청,2024-02-29 23:55:00,현업담당자,총무팀,63000.0
PO-2024-0039,견적요청,2024-03-01 01:02:11,구매담당,총무팀,63000.0
PO-2024-0039,견적검토,2024-03-01 05:39:56,구매팀장,총무팀,63000.0
PO-2024-0039,승인,2024-03-01 21:25:28,구매팀장,총무팀,63000.0
PO-2024-0039,발주,2024-03-02 07:59:30,구매담당,총무팀,63000.0
PO-2024-0039,입고검수,2024-03-02 11:44:19,품질담당,총무팀,63000.0
PO-2024-0039,대금지급,2024-03-05 03:38:10,ERP시스템,총무팀,63000.0
PO-2024-0040,구매요청,2024-05-02 19:19:00,구매담당,영업팀,1628000.0
PO-2024-0040,견적요청,2024-05-02 20:30:31,구매담당,영업팀,1628000.0
PO-2024-0040,견적검토,2024-05-03 02:02:34,구매담당,영업팀,1628000.0
PO-2024-0040,승인,2024-05-03 15:00:25,재무팀장,영업팀,1628000.0
PO-2024-0040,발주,2024-05-04 15:55:26,ERP시스템,영업팀,1628000.0
PO-2024-0040,입고검수,2024-05-04 17:52:41,품질담당,영업팀,1628000.0
PO-2024-0040,대금지급,2024-05-07 16:32:05,재무담당,영업팀,1628000.0
PO-2024-0041,구매요청,2024-03-15 23:12:00,구매담당,영업팀,1984000.0
PO-2024-0041,승인,2024-03-16 00:06:51,재무팀장,영업팀,1984000.0
PO-2024-0041,발주,2024-03-16 17:05:18,ERP시스템,영업팀,1984000.0
PO-2024-0041,입고검수,2024-03-16 20:27:37,품질담당,영업팀,1984000.0
PO-2024-0041,대금지급,2024-03-19 01:49:54,ERP시스템,영업팀,1984000.0
PO-2024-0042,구매요청,2024-08-17 01:30:00,현업담당자,연구소,2001000.0
PO-2024-0042,견적요청,2024-08-17 03:23:57,구매담당,연구소,2001000.0
PO-2024-0042,견적검토,2024-08-17 11:15:52,구매담당,연구소,2001000.0
PO-2024-0042,승인,2024-08-18 01:50:39,구매팀장,연구소,2001000.0
PO-2024-0042,발주,2024-08-19 19:04:36,ERP시스템,연구소,2001000.0
PO-2024-0042,입고검수,2024-08-19 19:43:46,품질담당,연구소,2001000.0
PO-2024-0042,대금지급,2024-08-21 23:41:06,ERP시스템,연구소,2001000.0
PO-2024-0043,구매요청,2024-03-19 00:02:00,현업담당자,IT팀,1549000.0
PO-2024-0043,견적요청,2024-03-19 00:40:58,구매담당,IT팀,1549000.0
PO-2024-0043,견적검토,2024-03-19 01:47:25,구매담당,IT팀,1549000.0
PO-2024-0043,승인,2024-03-19 12:48:35,구매팀장,IT팀,1549000.0
PO-2024-0043,발주,2024-03-19 17:19:36,ERP시스템,IT팀,1549000.0
PO-2024-0043,입고검수,2024-03-19 19:00:42,품질담당,IT팀,1549000.0
PO-2024-0043,대금지급,2024-03-21 19:12:02,ERP시스템,IT팀,1549000.0
PO-2024-0044,구매요청,2024-09-30 23:20:00,구매담당,총무팀,9133000.0
PO-2024-0044,견적요청,2024-10-01 00:45:34,구매담당,총무팀,9133000.0
PO-2024-0044,견적검토,2024-10-01 06:10:39,구매팀장,총무팀,9133000.0
PO-2024-0044,반려,2024-10-02 06:07:15,구매팀장,총무팀,9133000.0
PO-2024-0044,재요청,2024-10-02 08:25:22,구매담당,총무팀,9133000.0
PO-2024-0044,견적검토,2024-10-02 21:04:05,구매담당,총무팀,9133000.0
PO-2024-0044,승인,2024-10-03 08:49:44,재무팀장,총무팀,9133000.0
PO-2024-0044,발주,2024-10-05 04:17:23,구매담당,총무팀,9133000.0
PO-2024-0044,입고검수,2024-10-05 05:55:31,창고담당,총무팀,9133000.0
PO-2024-0044,대금지급,2024-10-06 05:52:27,ERP시스템,총무팀,9133000.0
PO-2024-0045,구매요청,2024-05-06 01:26:00,구매담당,영업팀,7408000.0
PO-2024-0045,견적요청,2024-05-06 02:50:51,구매담당,영업팀,7408000.0
PO-2024-0045,견적검토,2024-05-06 08:11:07,구매담당,영업팀,7408000.0
PO-2024-0045,승인,2024-05-06 21:08:03,구매팀장,영업팀,7408000.0
PO-2024-0045,발주,2024-05-07 09:02:49,ERP시스템,영업팀,7408000.0
PO-2024-0045,입고검수,2024-05-07 11:09:20,창고담당,영업팀,7408000.0
PO-2024-0045,대금지급,2024-05-10 04:16:52,ERP시스템,영업팀,7408000.0
PO-2024-0046,구매요청,2024-10-06 19:04:00,현업담당자,생산팀,447000.0
PO-2024-0046,견적요청,2024-10-06 20:36:07,구매담당,생산팀,447000.0
PO-2024-0046,견적검토,2024-10-07 03:31:09,구매담당,생산팀,447000.0
PO-2024-0046,승인,2024-10-08 03:30:19,재무팀장,생산팀,447000.0
PO-2024-0046,발주,2024-10-08 09:31:05,ERP시스템,생산팀,447000.0
PO-2024-0046,입고검수,2024-10-08 12:01:11,품질담당,생산팀,447000.0
PO-2024-0046,대금지급,2024-10-11 11:31:22,ERP시스템,생산팀,447000.0
PO-2024-0047,구매요청,2024-07-21 21:00:00,현업담당자,IT팀,4034000.0
PO-2024-0047,견적요청,2024-07-21 22:44:57,구매담당,IT팀,4034000.0
PO-2024-0047,견적검토,2024-07-22 05:10:46,구매담당,IT팀,4034000.0
PO-2024-0047,승인,2024-07-22 20:32:05,재무팀장,IT팀,4034000.0
PO-2024-0047,발주,2024-07-23 07:49:41,구매담당,IT팀,4034000.0
PO-2024-0047,입고검수,2024-07-23 10:30:04,창고담당,IT팀,4034000.0
PO-2024-0047,대금지급,2024-07-25 09:13:19,재무담당,IT팀,4034000.0
PO-2024-0048,구매요청,2024-08-13 17:37:00,현업담당자,생산팀,104000.0
PO-2024-0048,견적요청,2024-08-13 19:14:16,구매담당,생산팀,104000.0
PO-2024-0048,견적검토,2024-08-13 21:38:36,구매팀장,생산팀,104000.0
PO-2024-0048,승인,2024-08-14 11:19:19,재무팀장,생산팀,104000.0
PO-2024-0048,발주,2024-08-16 03:21:15,ERP시스템,생산팀,104000.0
PO-2024-0048,입고검수,2024-08-16 07:03:12,품질담당,생산팀,104000.0
PO-2024-0048,대금지급,2024-08-19 04:50:08,ERP시스템,생산팀,104000.0
PO-2024-0049,구매요청,2024-06-22 18:29:00,현업담당자,영업팀,159000.0
PO-2024-0049,견적요청,2024-06-22 20:26:03,구매담당,영업팀,159000.0
PO-2024-0050,구매요청,2024-07-21 17:16:00,현업담당자,생산팀,794000.0
PO-2024-0050,견적요청,2024-07-21 19:00:01,구매담당,생산팀,794000.0
PO-2024-0050,견적검토,2024-07-21 20:45:31,구매담당,생산팀,794000.0
PO-2024-0050,승인,2024-07-22 09:07:52,재무팀장,생산팀,794000.0
PO-2024-0050,발주,2024-07-24 05:08:53,구매담당,생산팀,794000.0
PO-2024-0050,입고검수,2024-07-24 07:54:54,품질담당,생산팀,794000.0
PO-2024-0050,대금지급,2024-07-27 01:45:12,ERP시스템,생산팀,794000.0
PO-2024-0051,구매요청,2024-02-29 19:02:00,구매담당,IT팀,449000.0
PO-2024-0051,승인,2024-02-29 19:53:07,구매팀장,IT팀,449000.0
PO-2024-0051,발주,2024-03-01 15:09:06,ERP시스템,IT팀,449000.0
PO-2024-0051,입고검수,2024-03-01 17:59:54,품질담당,IT팀,449000.0
PO-2024-0051,대금지급,2024-03-03 13:56:15,재무담당,IT팀,449000.0
PO-2024-0052,구매요청,2024-02-21 00:39:00,구매담당,생산팀,247000.0
PO-2024-0052,견적요청,2024-02-21 01:48:54,구매담당,생산팀,247000.0
PO-2024-0052,견적검토,2024-02-21 08:48:11,구매담당,생산팀,247000.0
PO-2024-0052,승인,2024-02-22 08:23:01,재무팀장,생산팀,247000.0
PO-2024-0052,발주,2024-02-23 10:58:24,ERP시스템,생산팀,247000.0
PO-2024-0052,입고검수,2024-02-23 11:41:07,품질담당,생산팀,247000.0
PO-2024-0052,대금지급,2024-02-24 04:35:32,재무담당,생산팀,247000.0
PO-2024-0053,구매요청,2024-08-20 18:42:00,구매담당,IT팀,3654000.0
PO-2024-0053,견적요청,2024-08-20 20:22:48,구매담당,IT팀,3654000.0
PO-2024-0053,견적검토,2024-08-21 04:18:06,구매담당,IT팀,3654000.0
PO-2024-0053,승인,2024-08-21 07:48:40,구매팀장,IT팀,3654000.0
PO-2024-0053,발주,2024-08-22 12:22:16,구매담당,IT팀,3654000.0
PO-2024-0053,입고검수,2024-08-22 14:01:16,창고담당,IT팀,3654000.0
PO-2024-0053,대금지급,2024-08-24 23:38:56,재무담당,IT팀,3654000.0
PO-2024-0054,구매요청,2024-03-15 19:34:00,구매담당,IT팀,105000.0
PO-2024-0054,견적요청,2024-03-15 20:05:20,구매담당,IT팀,105000.0
PO-2024-0054,견적검토,2024-03-16 01:12:39,구매담당,IT팀,105000.0
PO-2024-0054,승인,2024-03-16 07:02:39,구매팀장,IT팀,105000.0
PO-2024-0054,발주,2024-03-16 14:00:07,ERP시스템,IT팀,105000.0
PO-2024-0054,입고검수,2024-03-16 16:20:35,창고담당,IT팀,105000.0
PO-2024-0054,대금지급,2024-03-18 04:43:40,ERP시스템,IT팀,105000.0
PO-2024-0055,구매요청,2024-02-26 00:32:00,현업담당자,총무팀,1246000.0
PO-2024-0055,견적요청,2024-02-26 01:43:13,구매담당,총무팀,1246000.0
PO-2024-0055,견적검토,2024-02-26 03:08:46,구매팀장,총무팀,1246000.0
PO-2024-0055,승인,2024-02-26 23:47:12,재무팀장,총무팀,1246000.0
PO-2024-0055,발주,2024-02-28 09:01:59,ERP시스템,총무팀,1246000.0
PO-2024-0055,입고검수,2024-02-28 12:01:36,품질담당,총무팀,1246000.0
PO-2024-0055,대금지급,2024-02-28 21:01:26,재무담당,총무팀,1246000.0
PO-2024-0056,구매요청,2024-03-16 18:08:00,현업담당자,생산팀,3629000.0
PO-2024-0056,견적요청,2024-03-16 20:07:30,구매담당,생산팀,3629000.0
PO-2024-0056,견적검토,2024-03-17 00:18:04,구매팀장,생산팀,3629000.0
PO-2024-0056,승인,2024-03-17 04:28:59,구매팀장,생산팀,3629000.0
PO-2024-0056,발주,2024-03-18 21:33:52,구매담당,생산팀,3629000.0
PO-2024-0056,입고검수,2024-03-18 23:34:10,창고담당,생산팀,3629000.0
PO-2024-0056,대금지급,2024-03-20 07:42:32,ERP시스템,생산팀,3629000.0
PO-2024-0057,구매요청,2024-02-18 22:27:00,현업담당자,영업팀,319000.0
PO-2024-0057,견적요청,2024-02-18 23:03:02,구매담당,영업팀,319000.0
PO-2024-0057,견적검토,2024-02-19 00:42:11,구매담당,영업팀,319000.0
PO-2024-0057,승인,2024-02-19 19:05:03,재무팀장,영업팀,319000.0
PO-2024-0057,발주,2024-02-21 10:14:14,구매담당,영업팀,319000.0
PO-2024-0057,입고검수,2024-02-21 12:47:24,품질담당,영업팀,319000.0
PO-2024-0057,대금지급,2024-02-23 14:21:03,ERP시스템,영업팀,319000.0
PO-2024-0058,구매요청,2024-08-04 17:18:00,구매담당,총무팀,262000.0
PO-2024-0058,견적요청,2024-08-04 18:01:55,구매담당,총무팀,262000.0
PO-2024-0058,견적검토,2024-08-04 20:36:06,구매담당,총무팀,262000.0
PO-2024-0058,반려,2024-08-05 06:18:15,재무팀장,총무팀,262000.0
PO-2024-0058,재요청,2024-08-05 07:38:56,구매담당,총무팀,262000.0
PO-2024-0058,견적검토,2024-08-05 17:41:10,구매팀장,총무팀,262000.0
PO-2024-0058,승인,2024-08-06 14:16:47,구매팀장,총무팀,262000.0
PO-2024-0058,발주,2024-08-07 19:54:09,ERP시스템,총무팀,262000.0
PO-2024-0058,입고검수,2024-08-07 20:30:13,품질담당,총무팀,262000.0
PO-2024-0058,대금지급,2024-08-10 00:17:14,ERP시스템,총무팀,262000.0
PO-2024-0059,구매요청,2024-06-28 17:11:00,구매담당,IT팀,1890000.0
PO-2024-0059,승인,2024-06-28 18:47:41,구매팀장,IT팀,1890000.0
PO-2024-0059,발주,2024-06-29 00:06:26,구매담당,IT팀,1890000.0
PO-2024-0059,입고검수,2024-06-29 01:55:26,품질담당,IT팀,1890000.0
PO-2024-0059,대금지급,2024-06-30 05:06:18,ERP시스템,IT팀,1890000.0
PO-2024-0060,구매요청,2024-06-16 02:38:00,구매담당,총무팀,45000.0
PO-2024-0060,견적요청,2024-06-16 04:08:39,구매담당,총무팀,45000.0
PO-2024-0060,견적검토,2024-06-16 08:14:45,구매팀장,총무팀,45000.0
PO-2024-0060,승인,2024-06-16 20:55:50,재무팀장,총무팀,45000.0
PO-2024-0060,발주,2024-06-17 17:23:50,구매담당,총무팀,45000.0
PO-2024-0060,입고검수,2024-06-17 20:32:22,창고담당,총무팀,45000.0
PO-2024-0060,대금지급,2024-06-19 00:00:40,재무담당,총무팀,45000.0
PO-2024-0061,구매요청,2024-09-07 01:42:00,구매담당,총무팀,129000.0
PO-2024-0061,견적요청,2024-09-07 02:12:41,구매담당,총무팀,129000.0
PO-2024-0061,견적검토,2024-09-07 09:49:43,구매담당,총무팀,129000.0
PO-2024-0061,승인,2024-09-08 04:38:25,재무팀장,총무팀,129000.0
PO-2024-0061,발주,2024-09-08 21:03:43,구매담당,총무팀,129000.0
PO-2024-0061,입고검수,2024-09-08 23:18:10,품질담당,총무팀,129000.0
PO-2024-0061,대금지급,2024-09-09 15:15:00,ERP시스템,총무팀,129000.0
PO-2024-0062,구매요청,2024-04-28 01:35:00,구매담당,연구소,8383000.0
PO-2024-0062,승인,2024-04-28 02:44:15,재무팀장,연구소,8383000.0
PO-2024-0062,발주,2024-04-29 23:01:56,ERP시스템,연구소,8383000.0
PO-2024-0062,입고검수,2024-04-30 01:32:50,품질담당,연구소,8383000.0
PO-2024-0062,대금지급,2024-05-02 05:47:36,ERP시스템,연구소,8383000.0
PO-2024-0063,구매요청,2024-07-26 17:20:00,구매담당,생산팀,1683000.0
PO-2024-0063,견적요청,2024-07-26 18:29:18,구매담당,생산팀,1683000.0
PO-2024-0063,견적검토,2024-07-26 21:11:29,구매팀장,생산팀,1683000.0
PO-2024-0063,승인,2024-07-27 10:43:07,재무팀장,생산팀,1683000.0
PO-2024-0063,발주,2024-07-29 04:38:00,ERP시스템,생산팀,1683000.0
PO-2024-0063,입고검수,2024-07-29 05:54:32,창고담당,생산팀,1683000.0
PO-2024-0063,대금지급,2024-07-29 15:06:09,재무담당,생산팀,1683000.0
PO-2024-0064,구매요청,2024-04-09 22:22:00,구매담당,영업팀,10014000.0
PO-2024-0064,견적요청,2024-04-09 23:01:15,구매담당,영업팀,10014000.0
PO-2024-0064,견적검토,2024-04-10 01:24:06,구매담당,영업팀,10014000.0
PO-2024-0064,반려,2024-04-10 20:07:35,구매팀장,영업팀,10014000.0
PO-2024-0064,재요청,2024-04-10 21:39:28,구매담당,영업팀,10014000.0
PO-2024-0064,견적검토,2024-04-11 06:09:11,구매팀장,영업팀,10014000.0
PO-2024-0064,승인,2024-04-11 23:08:17,재무팀장,영업팀,10014000.0
PO-2024-0064,발주,2024-04-13 16:45:28,ERP시스템,영업팀,10014000.0
PO-2024-0064,입고검수,2024-04-13 17:47:10,창고담당,영업팀,10014000.0
PO-2024-0064,대금지급,2024-04-15 05:40:22,ERP시스템,영업팀,10014000.0
PO-2024-0065,구매요청,2024-01-29 22:32:00,현업담당자,IT팀,837000.0
PO-2024-0065,견적요청,2024-01-30 00:16:51,구매담당,IT팀,837000.0
PO-2024-0065,견적검토,2024-01-30 05:47:36,구매담당,IT팀,837000.0
PO-2024-0065,승인,2024-01-30 21:19:25,재무팀장,IT팀,837000.0
PO-2024-0065,발주,2024-01-31 20:04:16,구매담당,IT팀,837000.0
PO-2024-0065,입고검수,2024-01-31 22:08:42,창고담당,IT팀,837000.0
PO-2024-0065,대금지급,2024-02-02 00:00:32,ERP시스템,IT팀,837000.0
PO-2024-0066,구매요청,2024-02-02 00:06:00,구매담당,IT팀,8323000.0
PO-2024-0066,승인,2024-02-02 00:39:31,재무팀장,IT팀,8323000.0
PO-2024-0066,발주,2024-02-04 00:14:06,구매담당,IT팀,8323000.0
PO-2024-0066,입고검수,2024-02-04 02:00:31,품질담당,IT팀,8323000.0
PO-2024-0066,대금지급,2024-02-05 08:21:10,ERP시스템,IT팀,8323000.0
PO-2024-0067,구매요청,2024-01-27 22:04:00,현업담당자,생산팀,1912000.0
PO-2024-0067,견적요청,2024-01-27 23:39:08,구매담당,생산팀,1912000.0
PO-2024-0067,견적검토,2024-01-28 02:59:08,구매담당,생산팀,1912000.0
PO-2024-0067,승인,2024-01-29 01:09:15,재무팀장,생산팀,1912000.0
PO-2024-0067,발주,2024-01-30 23:38:09,ERP시스템,생산팀,1912000.0
PO-2024-0067,입고검수,2024-01-31 00:35:14,창고담당,생산팀,1912000.0
PO-2024-0067,대금지급,2024-02-01 01:38:19,ERP시스템,생산팀,1912000.0
PO-2024-0068,구매요청,2024-06-17 19:42:00,구매담당,총무팀,4494000.0
PO-2024-0068,견적요청,2024-06-17 21:10:08,구매담당,총무팀,4494000.0
PO-2024-0068,견적검토,2024-06-18 01:43:42,구매담당,총무팀,4494000.0
PO-2024-0068,반려,2024-06-18 11:42:20,구매팀장,총무팀,4494000.0
PO-2024-0068,재요청,2024-06-18 15:33:32,구매담당,총무팀,4494000.0
PO-2024-0068,견적검토,2024-06-19 06:49:35,구매팀장,총무팀,4494000.0
PO-2024-0068,승인,2024-06-19 13:03:02,구매팀장,총무팀,4494000.0
PO-2024-0068,발주,2024-06-19 21:19:58,ERP시스템,총무팀,4494000.0
PO-2024-0068,입고검수,2024-06-20 00:47:18,창고담당,총무팀,4494000.0
PO-2024-0068,대금지급,2024-06-21 15:18:41,재무담당,총무팀,4494000.0
PO-2024-0069,구매요청,2024-03-09 02:24:00,구매담당,총무팀,166000.0
PO-2024-0069,견적요청,2024-03-09 03:58:54,구매담당,총무팀,166000.0
PO-2024-0069,견적검토,2024-03-09 07:51:28,구매담당,총무팀,166000.0
PO-2024-0069,승인,2024-03-10 07:11:19,재무팀장,총무팀,166000.0
PO-2024-0069,발주,2024-03-11 19:33:04,ERP시스템,총무팀,166000.0
PO-2024-0069,입고검수,2024-03-11 20:52:12,창고담당,총무팀,166000.0
PO-2024-0069,대금지급,2024-03-12 21:54:50,ERP시스템,총무팀,166000.0
PO-2024-0070,구매요청,2024-04-09 22:43:00,현업담당자,생산팀,842000.0
PO-2024-0070,승인,2024-04-09 23:58:15,재무팀장,생산팀,842000.0
PO-2024-0070,발주,2024-04-11 22:23:08,구매담당,생산팀,842000.0
PO-2024-0070,입고검수,2024-04-12 01:41:24,창고담당,생산팀,842000.0
PO-2024-0070,대금지급,2024-04-14 17:03:15,재무담당,생산팀,842000.0
PO-2024-0071,구매요청,2024-07-10 01:59:00,현업담당자,IT팀,9289000.0
PO-2024-0071,견적요청,2024-07-10 02:36:32,구매담당,IT팀,9289000.0
PO-2024-0071,견적검토,2024-07-10 05:31:07,구매담당,IT팀,9289000.0
PO-2024-0071,승인,2024-07-11 01:48:06,구매팀장,IT팀,9289000.0
PO-2024-0071,발주,2024-07-12 23:16:59,구매담당,IT팀,9289000.0
PO-2024-0071,입고검수,2024-07-13 02:38:29,품질담당,IT팀,9289000.0
PO-2024-0071,대금지급,2024-07-15 21:54:49,ERP시스템,IT팀,9289000.0
PO-2024-0072,구매요청,2024-09-14 22:15:00,현업담당자,IT팀,53000.0
PO-2024-0072,견적요청,2024-09-15 00:08:46,구매담당,IT팀,53000.0
PO-2024-0072,견적검토,2024-09-15 06:41:09,구매담당,IT팀,53000.0
PO-2024-0072,승인,2024-09-15 09:31:42,재무팀장,IT팀,53000.0
PO-2024-0072,발주,2024-09-16 19:14:38,구매담당,IT팀,53000.0
PO-2024-0072,입고검수,2024-09-16 22:23:59,품질담당,IT팀,53000.0
PO-2024-0072,대금지급,2024-09-18 08:54:17,재무담당,IT팀,53000.0
PO-2024-0073,구매요청,2024-01-10 21:13:00,현업담당자,총무팀,2187000.0
PO-2024-0073,승인,2024-01-10 21:53:00,재무팀장,총무팀,2187000.0
PO-2024-0073,발주,2024-01-11 10:03:09,구매담당,총무팀,2187000.0
PO-2024-0073,입고검수,2024-01-11 10:43:10,품질담당,총무팀,2187000.0
PO-2024-0073,대금지급,2024-01-13 10:10:06,ERP시스템,총무팀,2187000.0
PO-2024-0074,구매요청,2024-09-13 02:34:00,현업담당자,영업팀,1804000.0
PO-2024-0074,견적요청,2024-09-13 03:42:37,구매담당,영업팀,1804000.0
PO-2024-0074,견적검토,2024-09-13 06:23:40,구매팀장,영업팀,1804000.0
PO-2024-0074,승인,2024-09-13 12:30:55,구매팀장,영업팀,1804000.0
PO-2024-0074,발주,2024-09-14 14:07:08,ERP시스템,영업팀,1804000.0
PO-2024-0074,입고검수,2024-09-14 14:51:21,창고담당,영업팀,1804000.0
PO-2024-0074,대금지급,2024-09-15 21:24:24,ERP시스템,영업팀,1804000.0
PO-2024-0075,구매요청,2024-07-17 22:16:00,구매담당,생산팀,406000.0
PO-2024-0075,견적요청,2024-07-17 23:51:57,구매담당,생산팀,406000.0
PO-2024-0075,견적검토,2024-07-18 06:15:59,구매팀장,생산팀,406000.0
PO-2024-0075,반려,2024-07-18 11:12:05,재무팀장,생산팀,406000.0
PO-2024-0075,재요청,2024-07-18 13:50:22,구매담당,생산팀,406000.0
PO-2024-0075,견적검토,2024-07-19 03:27:54,구매팀장,생산팀,406000.0
PO-2024-0075,승인,2024-07-20 03:02:34,재무팀장,생산팀,406000.0
PO-2024-0075,발주,2024-07-21 09:44:04,구매담당,생산팀,406000.0
PO-2024-0075,입고검수,2024-07-21 10:27:19,품질담당,생산팀,406000.0
PO-2024-0075,대금지급,2024-07-21 16:58:13,재무담당,생산팀,406000.0
PO-2024-0076,구매요청,2024-04-12 17:20:00,현업담당자,총무팀,1618000.0
PO-2024-0076,승인,2024-04-12 18:12:47,구매팀장,총무팀,1618000.0
PO-2024-0076,발주,2024-04-13 08:39:37,구매담당,총무팀,1618000.0
PO-2024-0076,입고검수,2024-04-13 12:11:26,품질담당,총무팀,1618000.0
PO-2024-0076,대금지급,2024-04-14 10:46:10,ERP시스템,총무팀,1618000.0
PO-2024-0077,구매요청,2024-07-24 00:57:00,현업담당자,연구소,444000.0
PO-2024-0077,견적요청,2024-07-24 02:00:03,구매담당,연구소,444000.0
PO-2024-0078,구매요청,2024-08-05 18:27:00,현업담당자,생산팀,7411000.0
PO-2024-0078,견적요청,2024-08-05 19:06:14,구매담당,생산팀,7411000.0
PO-2024-0078,견적검토,2024-08-06 00:43:49,구매팀장,생산팀,7411000.0
PO-2024-0078,반려,2024-08-06 12:32:25,재무팀장,생산팀,7411000.0
PO-2024-0078,재요청,2024-08-06 14:02:25,구매담당,생산팀,7411000.0
PO-2024-0078,견적검토,2024-08-06 20:57:43,구매담당,생산팀,7411000.0
PO-2024-0078,승인,2024-08-07 14:57:07,재무팀장,생산팀,7411000.0
PO-2024-0078,발주,2024-08-08 20:51:00,ERP시스템,생산팀,7411000.0
PO-2024-0078,입고검수,2024-08-08 22:18:39,창고담당,생산팀,7411000.0
PO-2024-0078,대금지급,2024-08-09 07:24:49,ERP시스템,생산팀,7411000.0
PO-2024-0079,구매요청,2024-03-22 17:09:00,구매담당,IT팀,4041000.0
PO-2024-0079,승인,2024-03-22 17:45:03,재무팀장,IT팀,4041000.0
PO-2024-0079,발주,2024-03-23 11:46:18,구매담당,IT팀,4041000.0
PO-2024-0079,입고검수,2024-03-23 14:23:23,품질담당,IT팀,4041000.0
PO-2024-0079,대금지급,2024-03-26 10:54:35,ERP시스템,IT팀,4041000.0
PO-2024-0080,구매요청,2024-02-10 02:08:00,구매담당,생산팀,765000.0
PO-2024-0080,견적요청,2024-02-10 04:04:26,구매담당,생산팀,765000.0
PO-2024-0080,견적검토,2024-02-10 10:13:25,구매팀장,생산팀,765000.0
PO-2024-0080,승인,2024-02-10 23:36:51,구매팀장,생산팀,765000.0
PO-2024-0080,발주,2024-02-11 12:55:03,ERP시스템,생산팀,765000.0
PO-2024-0080,입고검수,2024-02-11 15:52:54,창고담당,생산팀,765000.0
PO-2024-0080,대금지급,2024-02-14 15:38:04,ERP시스템,생산팀,765000.0
PO-2024-0081,구매요청,2024-09-08 20:07:00,구매담당,연구소,56000.0
PO-2024-0081,견적요청,2024-09-08 21:49:56,구매담당,연구소,56000.0
PO-2024-0081,견적검토,2024-09-09 03:30:26,구매담당,연구소,56000.0
PO-2024-0081,승인,2024-09-09 17:36:26,재무팀장,연구소,56000.0
PO-2024-0081,발주,2024-09-11 12:29:59,구매담당,연구소,56000.0
PO-2024-0081,입고검수,2024-09-11 15:29:28,창고담당,연구소,56000.0
PO-2024-0081,대금지급,2024-09-14 01:27:45,재무담당,연구소,56000.0
PO-2024-0082,구매요청,2024-04-12 19:15:00,현업담당자,총무팀,53000.0
PO-2024-0082,견적요청,2024-04-12 20:27:03,구매담당,총무팀,53000.0
PO-2024-0082,견적검토,2024-04-13 01:44:05,구매담당,총무팀,53000.0
PO-2024-0082,반려,2024-04-13 05:10:52,재무팀장,총무팀,53000.0
PO-2024-0082,재요청,2024-04-13 09:10:47,구매담당,총무팀,53000.0
PO-2024-0082,견적검토,2024-04-13 18:32:23,구매팀장,총무팀,53000.0
PO-2024-0082,승인,2024-04-14 14:39:11,구매팀장,총무팀,53000.0
PO-2024-0082,발주,2024-04-14 21:32:36,ERP시스템,총무팀,53000.0
PO-2024-0082,입고검수,2024-04-15 00:17:30,품질담당,총무팀,53000.0
PO-2024-0082,대금지급,2024-04-16 11:58:06,ERP시스템,총무팀,53000.0
PO-2024-0083,구매요청,2024-10-10 02:11:00,구매담당,IT팀,132000.0
PO-2024-0083,견적요청,2024-10-10 03:27:37,구매담당,IT팀,132000.0
PO-2024-0083,견적검토,2024-10-10 05:36:47,구매팀장,IT팀,132000.0
PO-2024-0083,반려,2024-10-11 04:10:38,구매팀장,IT팀,132000.0
PO-2024-0083,재요청,2024-10-11 06:12:55,구매담당,IT팀,132000.0
PO-2024-0083,견적검토,2024-10-11 20:03:30,구매팀장,IT팀,132000.0
PO-2024-0083,승인,2024-10-12 02:22:37,재무팀장,IT팀,132000.0
PO-2024-0083,발주,2024-10-12 09:15:36,ERP시스템,IT팀,132000.0
PO-2024-0083,입고검수,2024-10-12 11:54:38,창고담당,IT팀,132000.0
PO-2024-0083,대금지급,2024-10-14 02:05:08,재무담당,IT팀,132000.0
PO-2024-0084,구매요청,2024-10-24 19:10:00,구매담당,생산팀,4294000.0
PO-2024-0084,견적요청,2024-10-24 20:54:16,구매담당,생산팀,4294000.0
PO-2024-0084,견적검토,2024-10-24 22:28:23,구매팀장,생산팀,4294000.0
PO-2024-0084,반려,2024-10-25 14:47:52,재무팀장,생산팀,4294000.0
PO-2024-0084,재요청,2024-10-25 17:39:08,구매담당,생산팀,4294000.0
PO-2024-0084,견적검토,2024-10-26 02:37:29,구매팀장,생산팀,4294000.0
PO-2024-0084,승인,2024-10-26 18:44:48,재무팀장,생산팀,4294000.0
PO-2024-0084,발주,2024-10-27 18:26:42,ERP시스템,생산팀,4294000.0
PO-2024-0084,입고검수,2024-10-27 19:59:10,창고담당,생산팀,4294000.0
PO-2024-0084,대금지급,2024-10-29 22:48:42,재무담당,생산팀,4294000.0
PO-2024-0085,구매요청,2024-09-05 00:13:00,현업담당자,생산팀,122000.0
PO-2024-0085,견적요청,2024-09-05 02:10:47,구매담당,생산팀,122000.0
PO-2024-0085,견적검토,2024-09-05 08:30:15,구매담당,생산팀,122000.0
PO-2024-0085,승인,2024-09-05 17:31:29,재무팀장,생산팀,122000.0
PO-2024-0085,발주,2024-09-06 00:17:00,ERP시스템,생산팀,122000.0
PO-2024-0085,입고검수,2024-09-06 01:39:04,창고담당,생산팀,122000.0
PO-2024-0085,대금지급,2024-09-06 09:05:32,ERP시스템,생산팀,122000.0
PO-2024-0086,구매요청,2024-08-02 20:55:00,현업담당자,총무팀,8234000.0
PO-2024-0086,승인,2024-08-02 21:42:05,구매팀장,총무팀,8234000.0
PO-2024-0086,발주,2024-08-03 22:07:11,ERP시스템,총무팀,8234000.0
PO-2024-0086,입고검수,2024-08-04 00:21:56,품질담당,총무팀,8234000.0
PO-2024-0086,대금지급,2024-08-05 14:11:12,재무담당,총무팀,8234000.0
PO-2024-0087,구매요청,2024-09-16 00:15:00,현업담당자,생산팀,250000.0
PO-2024-0087,견적요청,2024-09-16 01:38:46,구매담당,생산팀,250000.0
PO-2024-0087,견적검토,2024-09-16 04:38:47,구매담당,생산팀,250000.0
PO-2024-0087,승인,2024-09-17 01:17:03,재무팀장,생산팀,250000.0
PO-2024-0087,발주,2024-09-17 08:34:45,ERP시스템,생산팀,250000.0
PO-2024-0087,입고검수,2024-09-17 11:37:31,품질담당,생산팀,250000.0
PO-2024-0087,대금지급,2024-09-18 16:30:33,ERP시스템,생산팀,250000.0
PO-2024-0088,구매요청,2024-10-14 20:23:00,현업담당자,연구소,54000.0
PO-2024-0088,견적요청,2024-10-14 22:07:16,구매담당,연구소,54000.0
PO-2024-0088,견적검토,2024-10-15 00:01:18,구매담당,연구소,54000.0
PO-2024-0088,승인,2024-10-15 10:41:16,재무팀장,연구소,54000.0
PO-2024-0088,발주,2024-10-16 13:54:21,ERP시스템,연구소,54000.0
PO-2024-0088,입고검수,2024-10-16 17:02:53,창고담당,연구소,54000.0
PO-2024-0088,대금지급,2024-10-18 14:00:56,ERP시스템,연구소,54000.0
PO-2024-0089,구매요청,2024-01-24 17:08:00,구매담당,연구소,9053000.0
PO-2024-0089,견적요청,2024-01-24 18:32:33,구매담당,연구소,9053000.0
PO-2024-0089,견적검토,2024-01-24 21:50:18,구매팀장,연구소,9053000.0
PO-2024-0089,반려,2024-01-25 03:24:48,재무팀장,연구소,9053000.0
PO-2024-0089,재요청,2024-01-25 06:11:40,구매담당,연구소,9053000.0
PO-2024-0089,견적검토,2024-01-25 18:07:01,구매팀장,연구소,9053000.0
PO-2024-0089,승인,2024-01-26 06:33:52,구매팀장,연구소,9053000.0
PO-2024-0089,발주,2024-01-27 00:52:39,구매담당,연구소,9053000.0
PO-2024-0089,입고검수,2024-01-27 04:48:25,품질담당,연구소,9053000.0
PO-2024-0089,대금지급,2024-01-29 14:59:11,재무담당,연구소,9053000.0
PO-2024-0090,구매요청,2024-05-16 02:36:00,현업담당자,영업팀,60000.0
PO-2024-0090,견적요청,2024-05-16 03:19:17,구매담당,영업팀,60000.0
PO-2024-0090,견적검토,2024-05-16 04:32:33,구매담당,영업팀,60000.0
PO-2024-0090,승인,2024-05-16 10:44:23,재무팀장,영업팀,60000.0
PO-2024-0090,발주,2024-05-17 02:29:00,구매담당,영업팀,60000.0
PO-2024-0090,입고검수,2024-05-17 04:25:43,창고담당,영업팀,60000.0
PO-2024-0090,대금지급,2024-05-18 12:20:04,ERP시스템,영업팀,60000.0
PO-2024-0091,구매요청,2024-02-01 19:33:00,현업담당자,연구소,450000.0
PO-2024-0091,견적요청,2024-02-01 20:31:14,구매담당,연구소,450000.0
PO-2024-0091,견적검토,2024-02-02 00:44:17,구매팀장,연구소,450000.0
PO-2024-0091,승인,2024-02-02 14:45:22,재무팀장,연구소,450000.0
PO-2024-0091,발주,2024-02-03 20:25:47,구매담당,연구소,450000.0
PO-2024-0091,입고검수,2024-02-04 00:16:50,품질담당,연구소,450000.0
PO-2024-0091,대금지급,2024-02-05 18:13:49,재무담당,연구소,450000.0
PO-2024-0092,구매요청,2024-06-01 21:45:00,현업담당자,연구소,3427000.0
PO-2024-0092,견적요청,2024-06-01 23:05:26,구매담당,연구소,3427000.0
PO-2024-0092,견적검토,2024-06-02 02:06:18,구매팀장,연구소,3427000.0
PO-2024-0092,승인,2024-06-02 23:48:43,재무팀장,연구소,3427000.0
PO-2024-0092,발주,2024-06-04 15:16:32,구매담당,연구소,3427000.0
PO-2024-0092,입고검수,2024-06-04 16:47:32,품질담당,연구소,3427000.0
PO-2024-0092,대금지급,2024-06-07 13:45:13,재무담당,연구소,3427000.0
PO-2024-0093,구매요청,2024-08-14 21:47:00,현업담당자,생산팀,166000.0
PO-2024-0093,견적요청,2024-08-14 22:29:21,구매담당,생산팀,166000.0
PO-2024-0093,견적검토,2024-08-15 01:11:11,구매담당,생산팀,166000.0
PO-2024-0093,승인,2024-08-15 17:13:16,구매팀장,생산팀,166000.0
PO-2024-0093,발주,2024-08-15 22:55:49,ERP시스템,생산팀,166000.0
PO-2024-0093,입고검수,2024-08-16 01:56:28,창고담당,생산팀,166000.0
PO-2024-0093,대금지급,2024-08-18 04:15:44,재무담당,생산팀,166000.0
PO-2024-0094,구매요청,2024-10-08 19:26:00,현업담당자,영업팀,851000.0
PO-2024-0094,견적요청,2024-10-08 20:24:54,구매담당,영업팀,851000.0
PO-2024-0094,견적검토,2024-10-09 03:46:14,구매담당,영업팀,851000.0
PO-2024-0094,반려,2024-10-09 20:07:16,구매팀장,영업팀,851000.0
PO-2024-0094,재요청,2024-10-09 22:43:36,구매담당,영업팀,851000.0
PO-2024-0094,견적검토,2024-10-10 13:30:42,구매담당,영업팀,851000.0
PO-2024-0094,승인,2024-10-11 00:42:19,구매팀장,영업팀,851000.0
PO-2024-0094,발주,2024-10-12 21:35:58,구매담당,영업팀,851000.0
PO-2024-0094,입고검수,2024-10-13 01:35:23,품질담당,영업팀,851000.0
PO-2024-0094,대금지급,2024-10-15 11:10:16,재무담당,영업팀,851000.0
PO-2024-0095,구매요청,2024-05-28 17:00:00,현업담당자,생산팀,1313000.0
PO-2024-0095,견적요청,2024-05-28 18:10:53,구매담당,생산팀,1313000.0
PO-2024-0095,견적검토,2024-05-29 01:24:22,구매담당,생산팀,1313000.0
PO-2024-0095,승인,2024-05-29 22:07:46,재무팀장,생산팀,1313000.0
PO-2024-0095,발주,2024-05-30 11:57:10,구매담당,생산팀,1313000.0
PO-2024-0095,입고검수,2024-05-30 13:36:37,품질담당,생산팀,1313000.0
PO-2024-0095,대금지급,2024-06-01 13:41:37,재무담당,생산팀,1313000.0
PO-2024-0096,구매요청,2024-06-21 21:36:00,현업담당자,연구소,111000.0
PO-2024-0096,견적요청,2024-06-21 22:52:22,구매담당,연구소,111000.0
PO-2024-0096,견적검토,2024-06-22 02:40:43,구매담당,연구소,111000.0
PO-2024-0096,반려,2024-06-22 08:44:38,구매팀장,연구소,111000.0
PO-2024-0096,재요청,2024-06-22 11:10:34,구매담당,연구소,111000.0
PO-2024-0096,견적검토,2024-06-22 13:16:18,구매팀장,연구소,111000.0
PO-2024-0096,승인,2024-06-22 20:27:12,재무팀장,연구소,111000.0
PO-2024-0096,발주,2024-06-24 18:17:34,ERP시스템,연구소,111000.0
PO-2024-0096,입고검수,2024-06-24 20:49:53,창고담당,연구소,111000.0
PO-2024-0096,대금지급,2024-06-25 18:37:02,ERP시스템,연구소,111000.0
PO-2024-0097,구매요청,2024-02-01 18:29:00,구매담당,생산팀,960000.0
PO-2024-0097,견적요청,2024-02-01 19:56:29,구매담당,생산팀,960000.0
PO-2024-0097,견적검토,2024-02-01 23:30:51,구매담당,생산팀,960000.0
PO-2024-0097,승인,2024-02-02 06:20:06,구매팀장,생산팀,960000.0
PO-2024-0097,발주,2024-02-03 05:48:34,ERP시스템,생산팀,960000.0
PO-2024-0097,입고검수,2024-02-03 08:55:35,품질담당,생산팀,960000.0
PO-2024-0097,대금지급,2024-02-04 17:12:14,ERP시스템,생산팀,960000.0
PO-2024-0098,구매요청,2024-04-21 20:43:00,현업담당자,총무팀,10809000.0
PO-2024-0098,견적요청,2024-04-21 22:00:32,구매담당,총무팀,10809000.0
PO-2024-0098,견적검토,2024-04-21 23:33:20,구매담당,총무팀,10809000.0
PO-2024-0098,반려,2024-04-22 02:54:51,구매팀장,총무팀,10809000.0
PO-2024-0098,재요청,2024-04-22 05:37:56,구매담당,총무팀,10809000.0
PO-2024-0098,견적검토,2024-04-22 09:56:09,구매팀장,총무팀,10809000.0
PO-2024-0098,승인,2024-04-22 14:29:35,구매팀장,총무팀,10809000.0
PO-2024-0098,발주,2024-04-24 01:11:18,ERP시스템,총무팀,10809000.0
PO-2024-0098,입고검수,2024-04-24 02:00:24,품질담당,총무팀,10809000.0
PO-2024-0098,대금지급,2024-04-26 12:59:51,ERP시스템,총무팀,10809000.0
PO-2024-0099,구매요청,2024-08-01 00:36:00,구매담당,생산팀,953000.0
PO-2024-0099,견적요청,2024-08-01 01:41:38,구매담당,생산팀,953000.0
PO-2024-0099,견적검토,2024-08-01 07:54:52,구매담당,생산팀,953000.0
PO-2024-0099,승인,2024-08-01 10:54:39,재무팀장,생산팀,953000.0
PO-2024-0099,발주,2024-08-02 20:49:44,구매담당,생산팀,953000.0
PO-2024-0099,입고검수,2024-08-03 00:36:00,창고담당,생산팀,953000.0
PO-2024-0099,대금지급,2024-08-05 23:39:26,ERP시스템,생산팀,953000.0
PO-2024-0100,구매요청,2024-07-28 19:49:00,현업담당자,연구소,4454000.0
PO-2024-0100,견적요청,2024-07-28 21:48:21,구매담당,연구소,4454000.0
PO-2024-0100,견적검토,2024-07-29 01:56:44,구매팀장,연구소,4454000.0
PO-2024-0100,승인,2024-07-29 12:12:35,구매팀장,연구소,4454000.0
PO-2024-0100,발주,2024-07-30 19:55:33,ERP시스템,연구소,4454000.0
PO-2024-0100,입고검수,2024-07-30 20:50:28,품질담당,연구소,4454000.0
PO-2024-0100,대금지급,2024-08-01 12:48:09,재무담당,연구소,4454000.0
PO-2024-0101,구매요청,2024-01-12 21:29:00,구매담당,연구소,1645000.0
PO-2024-0101,견적요청,2024-01-12 22:21:16,구매담당,연구소,1645000.0
PO-2024-0101,견적검토,2024-01-13 00:26:25,구매담당,연구소,1645000.0
PO-2024-0101,반려,2024-01-13 23:03:48,구매팀장,연구소,1645000.0
PO-2024-0101,재요청,2024-01-14 00:09:36,구매담당,연구소,1645000.0
PO-2024-0101,견적검토,2024-01-14 10:46:08,구매담당,연구소,1645000.0
PO-2024-0101,승인,2024-01-14 18:03:49,구매팀장,연구소,1645000.0
PO-2024-0101,발주,2024-01-14 23:48:21,구매담당,연구소,1645000.0
PO-2024-0101,입고검수,2024-01-15 01:52:06,창고담당,연구소,1645000.0
PO-2024-0101,대금지급,2024-01-15 22:30:37,재무담당,연구소,1645000.0
PO-2024-0102,구매요청,2024-04-30 01:13:00,현업담당자,총무팀,6716000.0
PO-2024-0102,견적요청,2024-04-30 02:04:04,구매담당,총무팀,6716000.0
PO-2024-0102,견적검토,2024-04-30 07:06:36,구매팀장,총무팀,6716000.0
PO-2024-0102,반려,2024-04-30 14:19:19,구매팀장,총무팀,6716000.0
PO-2024-0102,재요청,2024-04-30 18:16:45,구매담당,총무팀,6716000.0
PO-2024-0102,견적검토,2024-05-01 02:04:08,구매팀장,총무팀,6716000.0
PO-2024-0102,승인,2024-05-01 05:24:36,구매팀장,총무팀,6716000.0
PO-2024-0102,발주,2024-05-02 11:49:54,ERP시스템,총무팀,6716000.0
PO-2024-0102,입고검수,2024-05-02 14:16:38,창고담당,총무팀,6716000.0
PO-2024-0102,대금지급,2024-05-05 12:23:34,ERP시스템,총무팀,6716000.0
PO-2024-0103,구매요청,2024-06-12 23:26:00,현업담당자,총무팀,697000.0
PO-2024-0103,견적요청,2024-06-13 00:17:41,구매담당,총무팀,697000.0
PO-2024-0103,견적검토,2024-06-13 03:23:59,구매담당,총무팀,697000.0
PO-2024-0103,승인,2024-06-13 23:07:37,구매팀장,총무팀,697000.0
PO-2024-0103,발주,2024-06-15 02:33:32,ERP시스템,총무팀,697000.0
PO-2024-0103,입고검수,2024-06-15 05:00:34,창고담당,총무팀,697000.0
PO-2024-0103,대금지급,2024-06-16 11:25:19,ERP시스템,총무팀,697000.0
PO-2024-0104,구매요청,2024-02-11 00:54:00,구매담당,영업팀,1961000.0
PO-2024-0104,견적요청,2024-02-11 01:48:09,구매담당,영업팀,1961000.0
PO-2024-0104,견적검토,2024-02-11 08:55:04,구매담당,영업팀,1961000.0
PO-2024-0104,승인,2024-02-12 04:37:13,구매팀장,영업팀,1961000.0
PO-2024-0104,발주,2024-02-13 04:09:06,ERP시스템,영업팀,1961000.0
PO-2024-0104,입고검수,2024-02-13 05:42:46,창고담당,영업팀,1961000.0
PO-2024-0104,대금지급,2024-02-14 00:06:57,재무담당,영업팀,1961000.0
PO-2024-0105,구매요청,2024-03-02 00:58:00,구매담당,연구소,1939000.0
PO-2024-0105,견적요청,2024-03-02 02:17:41,구매담당,연구소,1939000.0
PO-2024-0105,견적검토,2024-03-02 05:57:33,구매팀장,연구소,1939000.0
PO-2024-0105,승인,2024-03-02 14:44:40,재무팀장,연구소,1939000.0
PO-2024-0105,발주,2024-03-03 15:50:49,ERP시스템,연구소,1939000.0
PO-2024-0105,입고검수,2024-03-03 17:58:41,품질담당,연구소,1939000.0
PO-2024-0105,대금지급,2024-03-06 01:46:07,ERP시스템,연구소,1939000.0
PO-2024-0106,구매요청,2024-07-08 22:26:00,구매담당,영업팀,7639000.0
PO-2024-0106,견적요청,2024-07-08 23:19:28,구매담당,영업팀,7639000.0
PO-2024-0106,견적검토,2024-07-09 02:23:27,구매담당,영업팀,7639000.0
PO-2024-0106,승인,2024-07-09 11:38:52,재무팀장,영업팀,7639000.0
PO-2024-0106,발주,2024-07-10 15:25:40,구매담당,영업팀,7639000.0
PO-2024-0106,입고검수,2024-07-10 17:40:31,품질담당,영업팀,7639000.0
PO-2024-0106,대금지급,2024-07-11 15:10:25,ERP시스템,영업팀,7639000.0
PO-2024-0107,구매요청,2024-09-09 00:10:00,현업담당자,총무팀,276000.0
PO-2024-0107,견적요청,2024-09-09 00:56:33,구매담당,총무팀,276000.0
PO-2024-0107,견적검토,2024-09-09 05:36:37,구매담당,총무팀,276000.0
PO-2024-0107,반려,2024-09-10 04:24:16,구매팀장,총무팀,276000.0
PO-2024-0107,재요청,2024-09-10 07:41:51,구매담당,총무팀,276000.0
PO-2024-0107,견적검토,2024-09-10 11:37:20,구매담당,총무팀,276000.0
PO-2024-0107,승인,2024-09-10 15:07:03,구매팀장,총무팀,276000.0
PO-2024-0107,발주,2024-09-10 16:32:50,ERP시스템,총무팀,276000.0
PO-2024-0107,입고검수,2024-09-10 18:21:12,품질담당,총무팀,276000.0
PO-2024-0107,대금지급,2024-09-12 19:11:05,재무담당,총무팀,276000.0
PO-2024-0108,구매요청,2024-10-09 23:00:00,구매담당,생산팀,2977000.0
PO-2024-0108,견적요청,2024-10-10 00:15:11,구매담당,생산팀,2977000.0
PO-2024-0108,견적검토,2024-10-10 06:53:47,구매담당,생산팀,2977000.0
PO-2024-0108,승인,2024-10-10 11:15:03,구매팀장,생산팀,2977000.0
PO-2024-0108,발주,2024-10-11 12:53:49,구매담당,생산팀,2977000.0
PO-2024-0108,입고검수,2024-10-11 14:04:07,품질담당,생산팀,2977000.0
PO-2024-0108,대금지급,2024-10-14 01:30:11,ERP시스템,생산팀,2977000.0
PO-2024-0109,구매요청,2024-02-10 22:25:00,현업담당자,영업팀,179000.0
PO-2024-0109,견적요청,2024-02-10 23:56:33,구매담당,영업팀,179000.0
PO-2024-0109,견적검토,2024-02-11 05:31:07,구매담당,영업팀,179000.0
PO-2024-0109,승인,2024-02-11 09:34:33,재무팀장,영업팀,179000.0
PO-2024-0109,발주,2024-02-12 04:18:10,ERP시스템,영업팀,179000.0
PO-2024-0109,입고검수,2024-02-12 04:59:57,창고담당,영업팀,179000.0
PO-2024-0109,대금지급,2024-02-14 08:47:33,재무담당,영업팀,179000.0
PO-2024-0110,구매요청,2024-08-10 22:36:00,구매담당,IT팀,71000.0
PO-2024-0110,견적요청,2024-08-10 23:25:01,구매담당,IT팀,71000.0
PO-2024-0111,구매요청,2024-02-08 21:57:00,구매담당,생산팀,2469000.0
PO-2024-0111,견적요청,2024-02-08 23:53:31,구매담당,생산팀,2469000.0
PO-2024-0111,견적검토,2024-02-09 06:09:28,구매팀장,생산팀,2469000.0
PO-2024-0111,승인,2024-02-10 04:35:35,재무팀장,생산팀,2469000.0
PO-2024-0111,발주,2024-02-10 13:13:42,구매담당,생산팀,2469000.0
PO-2024-0111,입고검수,2024-02-10 15:42:42,품질담당,생산팀,2469000.0
PO-2024-0111,대금지급,2024-02-12 17:45:00,ERP시스템,생산팀,2469000.0
PO-2024-0112,구매요청,2024-03-12 18:32:00,구매담당,연구소,251000.0
PO-2024-0112,견적요청,2024-03-12 20:17:28,구매담당,연구소,251000.0
PO-2024-0112,견적검토,2024-03-13 01:31:39,구매팀장,연구소,251000.0
PO-2024-0112,반려,2024-03-14 00:50:37,재무팀장,연구소,251000.0
PO-2024-0112,재요청,2024-03-14 01:55:57,구매담당,연구소,251000.0
PO-2024-0112,견적검토,2024-03-14 14:54:08,구매팀장,연구소,251000.0
PO-2024-0112,승인,2024-03-15 03:41:44,재무팀장,연구소,251000.0
PO-2024-0112,발주,2024-03-16 06:41:18,ERP시스템,연구소,251000.0
PO-2024-0112,입고검수,2024-03-16 08:41:59,품질담당,연구소,251000.0
PO-2024-0112,대금지급,2024-03-16 18:31:37,ERP시스템,연구소,251000.0
PO-2024-0113,구매요청,2024-02-07 18:17:00,현업담당자,영업팀,4046000.0
PO-2024-0113,견적요청,2024-02-07 19:15:30,구매담당,영업팀,4046000.0
PO-2024-0113,견적검토,2024-02-07 20:53:56,구매팀장,영업팀,4046000.0
PO-2024-0113,승인,2024-02-08 08:40:59,재무팀장,영업팀,4046000.0
PO-2024-0113,발주,2024-02-08 14:29:17,구매담당,영업팀,4046000.0
PO-2024-0113,입고검수,2024-02-08 15:38:38,품질담당,영업팀,4046000.0
PO-2024-0113,대금지급,2024-02-10 09:31:08,ERP시스템,영업팀,4046000.0
PO-2024-0114,구매요청,2024-02-15 22:35:00,구매담당,연구소,2024000.0
PO-2024-0114,견적요청,2024-02-15 23:31:15,구매담당,연구소,2024000.0
PO-2024-0114,견적검토,2024-02-16 05:58:31,구매담당,연구소,2024000.0
PO-2024-0114,승인,2024-02-16 20:33:30,구매팀장,연구소,2024000.0
PO-2024-0114,발주,2024-02-18 05:46:05,구매담당,연구소,2024000.0
PO-2024-0114,입고검수,2024-02-18 06:45:15,품질담당,연구소,2024000.0
PO-2024-0114,대금지급,2024-02-19 05:00:21,재무담당,연구소,2024000.0
PO-2024-0115,구매요청,2024-08-10 21:26:00,구매담당,생산팀,6831000.0
PO-2024-0115,견적요청,2024-08-10 23:00:52,구매담당,생산팀,6831000.0
PO-2024-0115,견적검토,2024-08-11 04:10:16,구매담당,생산팀,6831000.0
PO-2024-0115,승인,2024-08-11 16:14:39,구매팀장,생산팀,6831000.0
PO-2024-0115,발주,2024-08-12 07:33:47,ERP시스템,생산팀,6831000.0
PO-2024-0115,입고검수,2024-08-12 09:13:33,품질담당,생산팀,6831000.0
PO-2024-0115,대금지급,2024-08-14 19:54:11,ERP시스템,생산팀,6831000.0
PO-2024-0116,구매요청,2024-08-09 02:08:00,현업담당자,영업팀,2195000.0
PO-2024-0116,견적요청,2024-08-09 03:06:16,구매담당,영업팀,2195000.0
PO-2024-0116,견적검토,2024-08-09 10:53:08,구매팀장,영업팀,2195000.0
PO-2024-0116,승인,2024-08-10 05:03:10,재무팀장,영업팀,2195000.0
PO-2024-0116,발주,2024-08-12 03:32:16,구매담당,영업팀,2195000.0
PO-2024-0116,입고검수,2024-08-12 05:10:42,품질담당,영업팀,2195000.0
PO-2024-0116,대금지급,2024-08-14 16:42:00,ERP시스템,영업팀,2195000.0
PO-2024-0117,구매요청,2024-10-15 20:37:00,구매담당,총무팀,153000.0
PO-2024-0117,견적요청,2024-10-15 22:32:46,구매담당,총무팀,153000.0
PO-2024-0118,구매요청,2024-04-18 00:51:00,현업담당자,연구소,2545000.0
PO-2024-0118,견적요청,2024-04-18 01:33:31,구매담당,연구소,2545000.0
PO-2024-0118,견적검토,2024-04-18 04:15:10,구매담당,연구소,2545000.0
PO-2024-0118,승인,2024-04-18 21:59:17,재무팀장,연구소,2545000.0
PO-2024-0118,발주,2024-04-19 02:27:52,ERP시스템,연구소,2545000.0
PO-2024-0118,입고검수,2024-04-19 05:00:08,품질담당,연구소,2545000.0
PO-2024-0118,대금지급,2024-04-20 21:58:12,ERP시스템,연구소,2545000.0
PO-2024-0119,구매요청,2024-10-02 02:40:00,구매담당,생산팀,67000.0
PO-2024-0119,승인,2024-10-02 04:08:13,구매팀장,생산팀,67000.0
PO-2024-0119,발주,2024-10-03 07:36:30,ERP시스템,생산팀,67000.0
PO-2024-0119,입고검수,2024-10-03 11:29:32,품질담당,생산팀,67000.0
PO-2024-0119,대금지급,2024-10-06 09:09:39,ERP시스템,생산팀,67000.0
PO-2024-0120,구매요청,2024-02-20 21:14:00,구매담당,총무팀,1786000.0
PO-2024-0120,견적요청,2024-02-20 22:24:07,구매담당,총무팀,1786000.0
PO-2024-0120,견적검토,2024-02-21 02:38:36,구매담당,총무팀,1786000.0
PO-2024-0120,승인,2024-02-21 12:13:57,구매팀장,총무팀,1786000.0
PO-2024-0120,발주,2024-02-22 11:55:22,ERP시스템,총무팀,1786000.0
PO-2024-0120,입고검수,2024-02-22 13:52:43,창고담당,총무팀,1786000.0
PO-2024-0120,대금지급,2024-02-23 01:46:17,재무담당,총무팀,1786000.0
PO-2024-0121,구매요청,2024-06-25 00:50:00,현업담당자,IT팀,783000.0
PO-2024-0121,견적요청,2024-06-25 02:24:58,구매담당,IT팀,783000.0
PO-2024-0121,견적검토,2024-06-25 05:38:55,구매팀장,IT팀,783000.0
PO-2024-0121,승인,2024-06-25 08:37:54,구매팀장,IT팀,783000.0
PO-2024-0121,발주,2024-06-25 10:41:35,ERP시스템,IT팀,783000.0
PO-2024-0121,입고검수,2024-06-25 13:27:40,창고담당,IT팀,783000.0
PO-2024-0121,대금지급,2024-06-28 08:41:45,재무담당,IT팀,783000.0
PO-2024-0122,구매요청,2024-10-09 19:21:00,구매담당,연구소,722000.0
PO-2024-0122,견적요청,2024-10-09 20:07:46,구매담당,연구소,722000.0
PO-2024-0122,견적검토,2024-10-09 23:53:55,구매담당,연구소,722000.0
PO-2024-0122,승인,2024-10-10 11:47:21,재무팀장,연구소,722000.0
PO-2024-0122,발주,2024-10-11 07:03:52,구매담당,연구소,722000.0
PO-2024-0122,입고검수,2024-10-11 08:17:05,창고담당,연구소,722000.0
PO-2024-0122,대금지급,2024-10-13 03:32:40,재무담당,연구소,722000.0
PO-2024-0123,구매요청,2024-04-11 00:07:00,현업담당자,생산팀,9141000.0
PO-2024-0123,견적요청,2024-04-11 01:32:01,구매담당,생산팀,9141000.0
PO-2024-0123,견적검토,2024-04-11 04:58:08,구매팀장,생산팀,9141000.0
PO-2024-0123,승인,2024-04-11 20:33:03,재무팀장,생산팀,9141000.0
PO-2024-0123,발주,2024-04-13 16:43:44,구매담당,생산팀,9141000.0
PO-2024-0123,입고검수,2024-04-13 19:34:53,품질담당,생산팀,9141000.0
PO-2024-0123,대금지급,2024-04-14 07:35:46,ERP시스템,생산팀,9141000.0
PO-2024-0124,구매요청,2024-07-10 19:32:00,현업담당자,연구소,1345000.0
PO-2024-0124,견적요청,2024-07-10 20:18:43,구매담당,연구소,1345000.0
PO-2024-0124,견적검토,2024-07-11 01:11:46,구매팀장,연구소,1345000.0
PO-2024-0124,승인,2024-07-11 09:33:02,구매팀장,연구소,1345000.0
PO-2024-0124,발주,2024-07-12 01:20:09,ERP시스템,연구소,1345000.0
PO-2024-0124,입고검수,2024-07-12 04:00:14,품질담당,연구소,1345000.0
PO-2024-0124,대금지급,2024-07-15 00:43:44,ERP시스템,연구소,1345000.0
PO-2024-0125,구매요청,2024-07-16 01:32:00,현업담당자,연구소,959000.0
PO-2024-0125,견적요청,2024-07-16 02:45:58,구매담당,연구소,959000.0
PO-2024-0125,견적검토,2024-07-16 07:43:27,구매담당,연구소,959000.0
PO-2024-0125,반려,2024-07-16 16:09:00,재무팀장,연구소,959000.0
PO-2024-0125,재요청,2024-07-16 17:49:28,구매담당,연구소,959000.0
PO-2024-0125,견적검토,2024-07-16 22:10:46,구매팀장,연구소,959000.0
PO-2024-0125,승인,2024-07-17 12:37:26,재무팀장,연구소,959000.0
PO-2024-0125,발주,2024-07-18 15:27:39,구매담당,연구소,959000.0
PO-2024-0125,입고검수,2024-07-18 17:57:55,품질담당,연구소,959000.0
PO-2024-0125,대금지급,2024-07-21 02:40:23,ERP시스템,연구소,959000.0
PO-2024-0126,구매요청,2024-01-23 00:34:00,현업담당자,영업팀,654000.0
PO-2024-0126,견적요청,2024-01-23 02:22:43,구매담당,영업팀,654000.0
PO-2024-0126,견적검토,2024-01-23 06:31:37,구매팀장,영업팀,654000.0
PO-2024-0126,승인,2024-01-24 03:29:43,구매팀장,영업팀,654000.0
PO-2024-0126,발주,2024-01-25 01:07:54,구매담당,영업팀,654000.0
PO-2024-0126,입고검수,2024-01-25 04:20:47,창고담당,영업팀,654000.0
PO-2024-0126,대금지급,2024-01-25 22:37:05,ERP시스템,영업팀,654000.0
PO-2024-0127,구매요청,2024-08-07 19:39:00,현업담당자,IT팀,164000.0
PO-2024-0127,견적요청,2024-08-07 20:56:54,구매담당,IT팀,164000.0
PO-2024-0127,견적검토,2024-08-08 00:12:50,구매팀장,IT팀,164000.0
PO-2024-0127,승인,2024-08-08 08:34:45,재무팀장,IT팀,164000.0
PO-2024-0127,발주,2024-08-10 06:20:31,구매담당,IT팀,164000.0
PO-2024-0127,입고검수,2024-08-10 07:18:59,품질담당,IT팀,164000.0
PO-2024-0127,대금지급,2024-08-13 01:47:34,ERP시스템,IT팀,164000.0
PO-2024-0128,구매요청,2024-03-05 19:15:00,현업담당자,연구소,414000.0
PO-2024-0128,견적요청,2024-03-05 19:57:47,구매담당,연구소,414000.0
PO-2024-0128,견적검토,2024-03-06 01:21:28,구매팀장,연구소,414000.0
PO-2024-0128,승인,2024-03-06 13:18:06,구매팀장,연구소,414000.0
PO-2024-0128,발주,2024-03-07 09:14:08,ERP시스템,연구소,414000.0
PO-2024-0128,입고검수,2024-03-07 12:10:01,품질담당,연구소,414000.0
PO-2024-0128,대금지급,2024-03-08 23:05:11,ERP시스템,연구소,414000.0
PO-2024-0129,구매요청,2024-01-02 18:46:00,구매담당,생산팀,3795000.0
PO-2024-0129,견적요청,2024-01-02 20:27:36,구매담당,생산팀,3795000.0
PO-2024-0130,구매요청,2024-08-07 20:31:00,구매담당,총무팀,7988000.0
PO-2024-0130,견적요청,2024-08-07 21:51:57,구매담당,총무팀,7988000.0
PO-2024-0130,견적검토,2024-08-08 04:23:02,구매담당,총무팀,7988000.0
PO-2024-0130,승인,2024-08-08 07:23:41,재무팀장,총무팀,7988000.0
PO-2024-0130,발주,2024-08-08 09:09:35,구매담당,총무팀,7988000.0
PO-2024-0130,입고검수,2024-08-08 11:12:16,창고담당,총무팀,7988000.0
PO-2024-0130,대금지급,2024-08-11 10:38:58,ERP시스템,총무팀,7988000.0
PO-2024-0131,구매요청,2024-03-08 21:10:00,현업담당자,생산팀,260000.0
PO-2024-0131,승인,2024-03-08 21:47:25,구매팀장,생산팀,260000.0
PO-2024-0131,발주,2024-03-09 01:13:27,ERP시스템,생산팀,260000.0
PO-2024-0131,입고검수,2024-03-09 04:15:54,창고담당,생산팀,260000.0
PO-2024-0131,대금지급,2024-03-10 13:27:10,재무담당,생산팀,260000.0
PO-2024-0132,구매요청,2024-01-01 20:30:00,구매담당,연구소,1438000.0
PO-2024-0132,견적요청,2024-01-01 21:00:43,구매담당,연구소,1438000.0
PO-2024-0132,견적검토,2024-01-02 03:43:54,구매팀장,연구소,1438000.0
PO-2024-0132,승인,2024-01-02 21:00:01,재무팀장,연구소,1438000.0
PO-2024-0132,발주,2024-01-03 01:19:46,ERP시스템,연구소,1438000.0
PO-2024-0132,입고검수,2024-01-03 02:08:31,창고담당,연구소,1438000.0
PO-2024-0132,대금지급,2024-01-03 13:09:35,ERP시스템,연구소,1438000.0
PO-2024-0133,구매요청,2024-03-11 23:49:00,구매담당,영업팀,7146000.0
PO-2024-0133,승인,2024-03-12 01:06:44,구매팀장,영업팀,7146000.0
PO-2024-0133,발주,2024-03-13 06:47:50,구매담당,영업팀,7146000.0
PO-2024-0133,입고검수,2024-03-13 08:50:16,창고담당,영업팀,7146000.0
PO-2024-0133,대금지급,2024-03-15 07:32:50,재무담당,영업팀,7146000.0
PO-2024-0134,구매요청,2024-08-14 20:05:00,현업담당자,총무팀,159000.0
PO-2024-0134,승인,2024-08-14 21:06:38,재무팀장,총무팀,159000.0
PO-2024-0134,발주,2024-08-15 12:53:32,구매담당,총무팀,159000.0
PO-2024-0134,입고검수,2024-08-15 14:15:34,창고담당,총무팀,159000.0
PO-2024-0134,대금지급,2024-08-16 11:08:05,ERP시스템,총무팀,159000.0
PO-2024-0135,구매요청,2024-01-14 21:13:00,현업담당자,연구소,1398000.0
PO-2024-0135,견적요청,2024-01-14 22:41:09,구매담당,연구소,1398000.0
PO-2024-0135,견적검토,2024-01-15 03:09:00,구매담당,연구소,1398000.0
PO-2024-0135,승인,2024-01-15 10:27:14,구매팀장,연구소,1398000.0
PO-2024-0135,발주,2024-01-16 12:17:00,구매담당,연구소,1398000.0
PO-2024-0135,입고검수,2024-01-16 16:14:14,품질담당,연구소,1398000.0
PO-2024-0135,대금지급,2024-01-17 05:12:44,ERP시스템,연구소,1398000.0
PO-2024-0136,구매요청,2024-03-30 00:49:00,구매담당,생산팀,1271000.0
PO-2024-0136,견적요청,2024-03-30 01:22:35,구매담당,생산팀,1271000.0
PO-2024-0136,견적검토,2024-03-30 09:01:01,구매팀장,생산팀,1271000.0
PO-2024-0136,승인,2024-03-30 22:09:45,재무팀장,생산팀,1271000.0
PO-2024-0136,발주,2024-03-31 19:04:14,ERP시스템,생산팀,1271000.0
PO-2024-0136,입고검수,2024-03-31 19:51:32,창고담당,생산팀,1271000.0
PO-2024-0136,대금지급,2024-04-01 18:43:36,ERP시스템,생산팀,1271000.0
PO-2024-0137,구매요청,2024-04-14 19:34:00,현업담당자,IT팀,1866000.0
PO-2024-0137,견적요청,2024-04-14 21:06:52,구매담당,IT팀,1866000.0
PO-2024-0137,견적검토,2024-04-14 22:31:12,구매담당,IT팀,1866000.0
PO-2024-0137,승인,2024-04-15 20:51:42,구매팀장,IT팀,1866000.0
PO-2024-0137,발주,2024-04-16 19:10:13,구매담당,IT팀,1866000.0
PO-2024-0137,입고검수,2024-04-16 20:45:10,창고담당,IT팀,1866000.0
PO-2024-0137,대금지급,2024-04-17 08:52:29,재무담당,IT팀,1866000.0
PO-2024-0138,구매요청,2024-03-25 00:22:00,구매담당,생산팀,11006000.0
PO-2024-0138,견적요청,2024-03-25 01:25:28,구매담당,생산팀,11006000.0
PO-2024-0138,견적검토,2024-03-25 07:33:18,구매담당,생산팀,11006000.0
PO-2024-0138,승인,2024-03-26 02:31:35,구매팀장,생산팀,11006000.0
PO-2024-0138,발주,2024-03-26 19:16:19,ERP시스템,생산팀,11006000.0
PO-2024-0138,입고검수,2024-03-26 20:43:26,창고담당,생산팀,11006000.0
PO-2024-0138,대금지급,2024-03-27 18:36:16,재무담당,생산팀,11006000.0
PO-2024-0139,구매요청,2024-09-18 22:03:00,현업담당자,영업팀,1375000.0
PO-2024-0139,견적요청,2024-09-18 23:42:35,구매담당,영업팀,1375000.0
PO-2024-0139,견적검토,2024-09-19 02:18:31,구매담당,영업팀,1375000.0
PO-2024-0139,승인,2024-09-19 05:16:39,구매팀장,영업팀,1375000.0
PO-2024-0139,발주,2024-09-19 17:46:17,ERP시스템,영업팀,1375000.0
PO-2024-0139,입고검수,2024-09-19 19:32:43,창고담당,영업팀,1375000.0
PO-2024-0139,대금지급,2024-09-20 11:42:53,재무담당,영업팀,1375000.0
PO-2024-0140,구매요청,2024-08-02 20:20:00,현업담당자,IT팀,3072000.0
PO-2024-0140,견적요청,2024-08-02 21:00:44,구매담당,IT팀,3072000.0
PO-2024-0140,견적검토,2024-08-02 23:16:04,구매담당,IT팀,3072000.0
PO-2024-0140,승인,2024-08-03 22:15:27,구매팀장,IT팀,3072000.0
PO-2024-0140,발주,2024-08-05 16:28:34,ERP시스템,IT팀,3072000.0
PO-2024-0140,입고검수,2024-08-05 19:41:00,품질담당,IT팀,3072000.0
PO-2024-0140,대금지급,2024-08-06 21:56:23,ERP시스템,IT팀,3072000.0
PO-2024-0141,구매요청,2024-04-12 21:36:00,현업담당자,연구소,3708000.0
PO-2024-0141,견적요청,2024-04-12 22:59:15,구매담당,연구소,3708000.0
PO-2024-0141,견적검토,2024-04-13 06:58:19,구매담당,연구소,3708000.0
PO-2024-0141,반려,2024-04-14 01:05:10,구매팀장,연구소,3708000.0
PO-2024-0141,재요청,2024-04-14 02:32:16,구매담당,연구소,3708000.0
PO-2024-0141,견적검토,2024-04-14 04:52:21,구매팀장,연구소,3708000.0
PO-2024-0141,승인,2024-04-14 20:51:48,구매팀장,연구소,3708000.0
PO-2024-0141,발주,2024-04-16 18:33:35,구매담당,연구소,3708000.0
PO-2024-0141,입고검수,2024-04-16 21:42:58,품질담당,연구소,3708000.0
PO-2024-0141,대금지급,2024-04-19 11:26:54,ERP시스템,연구소,3708000.0
PO-2024-0142,구매요청,2024-09-28 20:26:00,현업담당자,영업팀,74000.0
PO-2024-0142,견적요청,2024-09-28 21:04:22,구매담당,영업팀,74000.0
PO-2024-0142,견적검토,2024-09-29 04:21:13,구매팀장,영업팀,74000.0
PO-2024-0142,승인,2024-09-29 21:46:21,재무팀장,영업팀,74000.0
PO-2024-0142,발주,2024-09-30 20:19:12,구매담당,영업팀,74000.0
PO-2024-0142,입고검수,2024-09-30 22:51:09,창고담당,영업팀,74000.0
PO-2024-0142,대금지급,2024-10-02 22:11:00,ERP시스템,영업팀,74000.0
PO-2024-0143,구매요청,2024-10-17 17:27:00,현업담당자,생산팀,116000.0
PO-2024-0143,견적요청,2024-10-17 19:20:20,구매담당,생산팀,116000.0
PO-2024-0143,견적검토,2024-10-18 01:14:38,구매팀장,생산팀,116000.0
PO-2024-0143,반려,2024-10-18 10:14:29,재무팀장,생산팀,116000.0
PO-2024-0143,재요청,2024-10-18 11:56:32,구매담당,생산팀,116000.0
PO-2024-0143,견적검토,2024-10-18 15:50:52,구매담당,생산팀,116000.0
PO-2024-0143,승인,2024-10-18 21:16:00,구매팀장,생산팀,116000.0
PO-2024-0143,발주,2024-10-19 19:23:47,ERP시스템,생산팀,116000.0
PO-2024-0143,입고검수,2024-10-19 21:19:09,품질담당,생산팀,116000.0
PO-2024-0143,대금지급,2024-10-22 18:54:51,재무담당,생산팀,116000.0
PO-2024-0144,구매요청,2024-08-25 21:54:00,구매담당,생산팀,164000.0
PO-2024-0144,견적요청,2024-08-25 22:43:21,구매담당,생산팀,164000.0
PO-2024-0144,견적검토,2024-08-26 00:45:38,구매담당,생산팀,164000.0
PO-2024-0144,승인,2024-08-27 00:03:56,재무팀장,생산팀,164000.0
PO-2024-0144,발주,2024-08-28 01:11:53,ERP시스템,생산팀,164000.0
PO-2024-0144,입고검수,2024-08-28 02:36:31,창고담당,생산팀,164000.0
PO-2024-0144,대금지급,2024-08-28 08:43:20,ERP시스템,생산팀,164000.0
PO-2024-0145,구매요청,2024-10-12 01:15:00,구매담당,영업팀,68000.0
PO-2024-0145,견적요청,2024-10-12 01:46:04,구매담당,영업팀,68000.0
PO-2024-0145,견적검토,2024-10-12 03:40:58,구매팀장,영업팀,68000.0
PO-2024-0145,승인,2024-10-12 13:52:19,구매팀장,영업팀,68000.0
PO-2024-0145,발주,2024-10-13 18:14:29,ERP시스템,영업팀,68000.0
PO-2024-0145,입고검수,2024-10-13 21:57:08,창고담당,영업팀,68000.0
PO-2024-0145,대금지급,2024-10-14 03:26:05,재무담당,영업팀,68000.0
PO-2024-0146,구매요청,2024-08-15 19:05:00,구매담당,IT팀,10930000.0
PO-2024-0146,승인,2024-08-15 20:59:48,구매팀장,IT팀,10930000.0
PO-2024-0146,발주,2024-08-16 05:53:32,ERP시스템,IT팀,10930000.0
PO-2024-0146,입고검수,2024-08-16 09:16:05,품질담당,IT팀,10930000.0
PO-2024-0146,대금지급,2024-08-17 23:00:17,ERP시스템,IT팀,10930000.0
PO-2024-0147,구매요청,2024-03-29 22:13:00,구매담당,영업팀,299000.0
PO-2024-0147,승인,2024-03-29 23:38:16,구매팀장,영업팀,299000.0
PO-2024-0147,발주,2024-03-31 07:03:35,ERP시스템,영업팀,299000.0
PO-2024-0147,입고검수,2024-03-31 09:00:06,품질담당,영업팀,299000.0
PO-2024-0147,대금지급,2024-03-31 17:08:54,ERP시스템,영업팀,299000.0
PO-2024-0148,구매요청,2024-08-02 20:41:00,구매담당,총무팀,1462000.0
PO-2024-0148,승인,2024-08-02 22:40:02,재무팀장,총무팀,1462000.0
PO-2024-0148,발주,2024-08-03 22:12:45,ERP시스템,총무팀,1462000.0
PO-2024-0148,입고검수,2024-08-03 23:55:00,품질담당,총무팀,1462000.0
PO-2024-0148,대금지급,2024-08-05 06:19:35,재무담당,총무팀,1462000.0
PO-2024-0149,구매요청,2024-04-22 17:57:00,현업담당자,연구소,252000.0
PO-2024-0149,승인,2024-04-22 19:36:00,구매팀장,연구소,252000.0
PO-2024-0149,발주,2024-04-24 18:22:38,구매담당,연구소,252000.0
PO-2024-0149,입고검수,2024-04-24 19:44:41,창고담당,연구소,252000.0
PO-2024-0149,대금지급,2024-04-25 17:52:07,재무담당,연구소,252000.0
PO-2024-0150,구매요청,2024-04-23 02:54:00,구매담당,영업팀,786000.0
PO-2024-0150,견적요청,2024-04-23 03:45:17,구매담당,영업팀,786000.0
